e,p,n,act,mkt,beyond,z,roi,lo,hi,odds,blocksBeyondPos,winN,winBeyond,winRoi,preN,preBeyond,preRoi
5,35,1123,38.6,36.5,2.1,1.43,7.6,-1.6,16.8,2.87,4,328,2.2,11.2,795,2,6.1
5,36,1118,38.6,36.6,2.1,1.45,7.8,-1.5,17,2.87,4,326,2.4,11.9,792,2,6
5,37,1093,38.8,36.8,2,1.36,7.4,-1.9,16.7,2.85,4,320,2.6,12.6,773,1.7,5.2
5,38,1056,39.3,37.2,2.1,1.41,8.1,-1.4,17.6,2.81,4,309,3.2,15.4,747,1.6,5.1
5,39,1003,39.9,37.8,2.1,1.39,8.5,-1.2,18.2,2.76,4,292,3.2,16.1,711,1.7,5.4
5,40,964,40.9,38.2,2.7,1.74,10.8,0.8,20.8,2.73,4,284,3.7,18.2,680,2.3,7.7
5,41,922,41.2,38.6,2.6,1.65,10.8,0.6,21,2.7,4,271,3.1,16.4,651,2.4,8.4
5,42,872,41.4,39,2.4,1.43,10.2,-0.3,20.7,2.67,4,255,3.5,18.7,617,1.9,6.7
5,43,834,42.2,39.5,2.8,1.63,11.8,1.1,22.6,2.64,4,250,3.8,19.9,584,2.3,8.4
5,44,782,42.7,40,2.7,1.56,12.2,1,23.4,2.61,4,230,3.8,21.4,552,2.3,8.4
5,45,743,43.2,40.4,2.8,1.56,12.8,1.2,24.3,2.58,4,221,4.3,23.6,522,2.2,8.2
5,46,702,43.7,40.9,2.8,1.53,9.6,-0.5,19.7,2.52,4,211,3.5,12.3,491,2.5,8.5
5,47,669,43.9,41.3,2.7,1.42,9.4,-1,19.7,2.5,3,198,4,13.7,471,2.2,7.5
5,48,630,44.8,41.7,3.1,1.56,10.7,0.1,21.3,2.47,4,189,4.2,14.7,441,2.6,9
5,49,586,45.2,42.2,3,1.49,11.3,0.3,22.4,2.44,4,177,4.6,16.5,409,2.3,9.1
5,50,547,45,42.6,2.4,1.13,9.7,-1.7,21.1,2.42,3,162,3.5,14.5,385,1.9,7.7
5,51,504,45.6,43.2,2.5,1.12,9.5,-2.2,21.2,2.39,4,150,1.2,6.2,354,3,10.9
5,52,456,45.4,43.8,1.6,0.68,7.5,-4.7,19.8,2.35,3,134,-1.9,-1,322,3,11.1
5,53,421,46.1,44.3,1.8,0.75,8,-4.7,20.7,2.33,3,120,-3.4,-5.6,301,3.9,13.4
5,54,390,46.7,44.8,1.9,0.75,8.3,-4.9,21.5,2.29,3,110,-3.1,-5.2,280,3.9,13.6
5,55,355,47.9,45.2,2.7,1.02,11.3,-2.7,25.4,2.28,3,102,-4.2,-5.8,253,5.5,18.2
5,56,326,47.5,45.7,1.9,0.69,8.2,-6,22.5,2.25,3,96,-4.1,-6.2,230,4.4,14.3
5,57,298,47.7,46,1.6,0.57,6.5,-7.8,20.9,2.23,3,86,-4.3,-5.9,212,4,11.6
5,58,268,46.6,46.6,0.1,0.02,3.9,-11.3,19.1,2.21,2,78,-4.7,-5.3,190,2,7.7
5,59,241,47.3,47.2,0.1,0.02,3.6,-12.3,19.5,2.18,2,69,-5.5,-6,172,2.3,7.5
5,60,220,47.7,47.7,0,0.01,1.5,-14.3,17.3,2.13,2,62,-4.4,-7.9,158,1.8,5.2
5,61,195,48.7,48.3,0.5,0.13,1.1,-15,17.1,2.1,1,55,-1.1,0.2,140,1.1,1.4
5,62,171,48.5,48.9,-0.3,-0.09,-1.4,-18.2,15.3,2.05,2,49,-4,-6,122,1.2,0.4
5,63,156,48.7,49.2,-0.5,-0.13,-1.2,-18.8,16.4,2.05,1,44,-1.4,0.4,112,-0.2,-1.9
5,64,125,49.6,50.2,-0.6,-0.13,-0.6,-20.5,19.2,2.01,2,36,-3,-2,89,0.4,-0.1
5,65,110,51.8,50.7,1.1,0.23,3.9,-17.5,25.3,2,2,33,-1.9,1.2,77,2.4,5
6,35,995,37.9,36.2,1.7,1.09,7.2,-2.8,17.2,2.91,4,302,2.6,12.7,693,1.3,4.8
6,36,990,38,36.3,1.7,1.11,7.4,-2.6,17.4,2.9,4,300,2.8,13.5,690,1.2,4.8
6,37,970,38.1,36.5,1.6,1.05,7.2,-2.9,17.3,2.88,4,295,2.9,13.9,675,1.1,4.2
6,38,941,38.7,36.9,1.8,1.14,8.1,-2.2,18.4,2.85,3,285,3.5,16.6,656,1.1,4.4
6,39,895,39.1,37.4,1.7,1.02,8,-2.5,18.5,2.8,4,269,3.3,17,626,0.9,4.2
6,40,862,40,37.8,2.2,1.32,10.2,-0.5,21,2.77,4,262,3.8,18.8,600,1.5,6.5
6,41,826,40.3,38.2,2.1,1.22,10.1,-0.9,21.1,2.74,4,250,3.3,17.6,576,1.5,6.8
6,42,790,40.8,38.7,2.1,1.21,10.6,-0.6,21.9,2.71,4,235,3.7,19.6,555,1.4,6.8
6,43,755,41.6,39.1,2.5,1.42,12.4,0.8,24,2.68,4,230,4,21,525,1.9,8.6
6,44,711,42.2,39.6,2.6,1.43,13.1,1.1,25.2,2.65,4,214,4.7,24.4,497,1.7,8.3
6,45,679,42.6,40,2.6,1.38,13.4,1.1,25.8,2.62,4,206,5,26.2,473,1.5,7.9
6,46,640,43,40.5,2.5,1.28,9.7,-1.1,20.5,2.56,4,196,4.3,14.1,444,1.7,7.8
6,47,612,43.1,40.8,2.3,1.16,9.3,-1.6,20.3,2.53,3,183,4.8,15.8,429,1.3,6.6
6,48,576,44.1,41.3,2.8,1.38,11.1,-0.2,22.4,2.51,4,174,5.1,17,402,1.9,8.5
6,49,535,44.9,41.8,3.1,1.45,12.5,0.7,24.3,2.48,4,162,5.6,19.2,373,2,9.6
6,50,500,44.6,42.2,2.4,1.11,10.7,-1.4,22.9,2.46,3,149,4.6,17.3,351,1.5,7.9
6,51,461,45.3,42.7,2.6,1.12,10.7,-1.9,23.2,2.42,4,139,2.9,10.2,322,2.4,10.9
6,52,418,45,43.4,1.6,0.65,8.4,-4.7,21.5,2.38,2,124,-0.6,1.9,294,2.5,11.2
6,53,390,45.4,43.8,1.5,0.61,8.1,-5.3,21.6,2.36,2,114,-1.8,-2.3,276,2.9,12.5
6,54,360,46.1,44.4,1.8,0.67,8.8,-5.2,22.8,2.32,2,104,-1.3,-1.5,256,3,13
6,55,331,47.1,44.8,2.3,0.85,11.4,-3.4,26.2,2.3,3,96,-2.3,-1.8,235,4.2,16.8
6,56,306,46.4,45.3,1.2,0.4,7.3,-7.6,22.3,2.27,2,92,-3,-4.2,214,2.9,12.3
6,57,282,46.8,45.6,1.2,0.4,6.1,-8.9,21,2.25,2,82,-3.1,-3.6,200,2.9,10.1
6,58,254,45.7,46.2,-0.5,-0.17,3.2,-12.6,19.1,2.23,1,74,-3.4,-2.7,180,0.6,5.7
6,59,227,46.3,46.8,-0.6,-0.18,2.8,-13.8,19.5,2.2,1,65,-4.1,-3.1,162,0.8,5.2
6,60,207,46.4,47.3,-0.9,-0.26,0.1,-16.5,16.6,2.16,1,58,-2.7,-4.7,149,-0.2,1.9
6,61,182,47.3,47.9,-0.6,-0.17,-0.6,-17.5,16.3,2.13,1,51,1.1,4.4,131,-1.3,-2.6
6,62,163,47.9,48.6,-0.7,-0.18,-2,-19.3,15.3,2.07,1,46,-0.7,0.1,117,-0.7,-2.8
6,63,148,48,48.9,-0.9,-0.23,-1.8,-20.1,16.5,2.06,2,41,2.5,7.8,107,-2.3,-5.4
6,64,121,49.6,50,-0.4,-0.09,-0.1,-20.4,20.2,2.02,2,34,0.1,3.7,87,-0.6,-1.6
6,65,106,51.9,50.5,1.4,0.29,4.7,-17.3,26.7,2.01,2,31,1.6,7.8,75,1.3,3.4
7,35,863,38.6,36.1,2.5,1.52,10.3,-0.7,21.3,2.94,4,266,3.6,16.9,597,2,7.3
7,36,860,38.7,36.1,2.6,1.58,10.7,-0.4,21.7,2.94,4,264,3.8,17.8,596,2,7.5
7,37,845,38.8,36.4,2.5,1.48,10.2,-0.9,21.3,2.91,4,259,3.9,18.4,586,1.8,6.6
7,38,822,39.3,36.7,2.6,1.53,11,-0.3,22.3,2.88,4,252,4.2,20.1,570,1.8,7
7,39,786,39.8,37.3,2.6,1.49,11.3,-0.2,22.9,2.83,4,239,4.6,22.1,547,1.7,6.7
7,40,758,40.9,37.6,3.3,1.85,14.1,2.3,25.9,2.8,4,232,5.1,24.2,526,2.4,9.6
7,41,731,41.2,38,3.2,1.76,14,2,26,2.77,4,222,4.4,22.1,509,2.6,10.5
7,42,702,41.6,38.4,3.2,1.74,14.5,2.2,26.8,2.74,4,211,4.6,23.7,491,2.6,10.6
7,43,676,42.3,38.8,3.5,1.88,16,3.4,28.6,2.72,4,207,4.8,24.7,469,3,12.2
7,44,642,42.8,39.2,3.6,1.86,16.7,3.7,29.7,2.68,4,193,5.7,29.1,449,2.7,11.3
7,45,617,43.3,39.6,3.7,1.86,17.2,3.9,30.5,2.66,4,187,6.3,31.4,430,2.5,11
7,46,583,43.4,40.1,3.3,1.62,12.3,0.9,23.8,2.6,4,178,5.3,17.7,405,2.4,10
7,47,559,43.5,40.4,3,1.46,11.7,0,23.4,2.56,4,168,5.1,17.7,391,2.1,9.2
7,48,527,44.4,40.9,3.5,1.64,13.4,1.4,25.5,2.54,4,161,4.9,17.6,366,2.9,11.6
7,49,490,45.3,41.4,3.9,1.76,15.3,2.7,27.8,2.51,4,150,5.9,20.8,340,3.1,12.8
7,50,460,45,41.8,3.2,1.41,13.4,0.5,26.2,2.49,4,139,4.9,19,321,2.5,10.9
7,51,423,45.9,42.4,3.5,1.46,13.5,0.2,26.8,2.45,4,129,3.1,11.4,294,3.7,14.5
7,52,387,45.5,43,2.5,0.99,11.2,-2.6,25,2.41,2,115,-0.2,3.8,272,3.6,14.3
7,53,365,45.5,43.4,2.1,0.79,9.9,-4.2,24.1,2.38,2,106,-1.8,-1.6,259,3.6,14.6
7,54,338,46.2,43.9,2.2,0.82,10.5,-4.2,25.2,2.34,2,97,-0.7,0.6,241,3.4,14.4
7,55,314,46.8,44.4,2.5,0.87,12.3,-3.1,27.7,2.33,2,90,-2.1,-0.7,224,4.3,17.5
7,56,289,46,44.8,1.2,0.41,8.1,-7.6,23.7,2.3,2,86,-2.9,-3.2,203,2.9,12.8
7,57,266,46.2,45.2,1.1,0.35,6.4,-9.2,22,2.27,2,77,-3.6,-3.6,189,3,10.5
7,58,240,45,45.7,-0.7,-0.23,3.4,-13.2,20,2.26,1,69,-3.9,-2.7,171,0.5,5.8
7,59,214,45.3,46.4,-1,-0.31,2.5,-14.9,19.9,2.22,1,60,-4.8,-3.2,154,0.4,4.7
7,60,195,45.6,46.8,-1.2,-0.33,0,-17.3,17.3,2.18,1,53,-3.4,-4.9,142,-0.4,1.9
7,61,173,46.2,47.4,-1.2,-0.31,-1.3,-18.8,16.2,2.15,1,47,-0.4,3,126,-1.5,-2.9
7,62,155,46.5,48.1,-1.6,-0.41,-3.4,-21.4,14.5,2.09,1,43,-3.6,-4.2,112,-0.9,-3.2
7,63,140,46.4,48.4,-2,-0.47,-3.4,-22.5,15.7,2.09,1,38,-0.5,3.5,102,-2.6,-6
7,64,113,47.8,49.5,-1.7,-0.35,-2,-23.4,19.4,2.05,1,31,-3.8,-1.9,82,-0.8,-2
7,65,98,50,49.9,0.1,0.02,2.9,-20.5,26.3,2.04,1,28,-2.6,2,70,1.2,3.2
8,35,724,38.1,35.8,2.4,1.33,12,-0.5,24.5,2.98,2,224,5,23.6,500,1.2,6.8
8,36,723,38.2,35.8,2.4,1.35,12.2,-0.3,24.7,2.98,2,224,5,23.6,499,1.2,7
8,37,712,38.3,36,2.4,1.32,12.1,-0.5,24.6,2.96,2,220,5,23.8,492,1.2,6.8
8,38,694,38.6,36.3,2.3,1.25,12.2,-0.5,25,2.92,2,214,5.3,25.5,480,1,6.3
8,39,668,39.4,36.8,2.6,1.37,13.6,0.6,26.6,2.88,2,203,5.9,28.6,465,1.1,7
8,40,648,40.1,37.2,3,1.57,15.5,2.2,28.7,2.85,2,197,6.4,30.7,451,1.5,8.8
8,41,627,40.2,37.5,2.7,1.39,14.8,1.4,28.3,2.82,4,191,4.8,25.8,436,1.8,10
8,42,606,40.6,37.8,2.8,1.4,15.5,1.8,29.3,2.8,4,181,5.5,29,425,1.6,9.8
8,43,583,41.5,38.2,3.3,1.63,17.7,3.6,31.9,2.77,4,178,6.1,31.2,405,2.1,11.8
8,44,559,41.7,38.6,3.1,1.48,17.7,3.2,32.1,2.74,3,169,6.7,34.5,390,1.5,10.4
8,45,537,41.9,39,2.9,1.38,17.6,2.8,32.5,2.72,3,163,7.3,37.3,374,1,9
8,46,511,41.9,39.5,2.4,1.12,11.9,-0.7,24.6,2.65,3,155,6.6,22.8,356,0.6,7.2
8,47,490,41.6,39.8,1.8,0.83,10.5,-2.3,23.4,2.62,2,147,5.9,21.6,343,0.1,5.8
8,48,463,42.5,40.2,2.3,1.02,12.3,-0.9,25.5,2.6,2,143,5.6,20.9,320,0.9,8.5
8,49,434,43.5,40.7,2.9,1.22,14.6,0.8,28.3,2.56,3,136,6.1,23.1,298,1.4,10.7
8,50,410,43.2,41,2.2,0.9,12.5,-1.5,26.6,2.54,2,127,5.9,23.2,283,0.5,7.7
8,51,376,43.6,41.6,2,0.8,11.8,-2.8,26.3,2.51,2,118,3.7,14.3,258,1.2,10.6
8,52,344,43.3,42.2,1.1,0.41,9.5,-5.6,24.7,2.46,1,105,0.7,6.8,239,1.3,10.7
8,53,325,43.1,42.6,0.4,0.16,7.7,-7.8,23.2,2.43,1,98,-1.8,-0.8,227,1.4,11.4
8,54,302,44,43.1,0.9,0.32,8.9,-7.1,25,2.39,1,89,-0.6,1.6,213,1.5,12
8,55,279,44.8,43.5,1.3,0.43,11.3,-5.6,28.2,2.38,1,82,-2.2,0.3,197,2.7,15.9
8,56,258,44.6,44,0.6,0.2,8.1,-8.9,25.2,2.35,2,78,-3,-2.4,180,2.2,12.7
8,57,235,44.7,44.3,0.4,0.12,6.3,-10.9,23.4,2.33,2,69,-3.8,-2.8,166,2.1,10.1
8,58,213,44.1,44.9,-0.7,-0.22,4.8,-13.4,23,2.31,1,61,-4.2,-1.6,152,0.6,7.4
8,59,189,44.4,45.5,-1,-0.29,4,-15.2,23.1,2.28,1,52,-5.2,-2,137,0.5,6.3
8,60,173,44.5,45.9,-1.4,-0.37,0.7,-18.2,19.6,2.23,1,47,-5.5,-8,126,0.1,3.9
8,61,154,44.2,46.5,-2.4,-0.59,-2.6,-21.7,16.5,2.19,1,41,-2.3,0.6,113,-2.4,-3.8
8,62,139,43.9,47.2,-3.3,-0.79,-5.9,-25.4,13.6,2.13,1,38,-4.8,-5.3,101,-2.8,-6.1
8,63,127,44.1,47.6,-3.5,-0.78,-5.4,-26,15.1,2.12,1,35,-1.4,2.8,92,-4.3,-8.6
8,64,104,45.2,48.6,-3.4,-0.7,-4.5,-27.3,18.4,2.08,1,28,-5.3,-3.3,76,-2.8,-4.9
8,65,90,47.8,49,-1.3,-0.24,1.4,-23.7,26.5,2.08,1,25,-4.1,0.8,65,-0.2,1.6
9,35,609,37.8,35.4,2.3,1.21,14,-0.2,28.2,3.04,3,191,4.9,27.1,418,1.2,8
9,36,608,37.8,35.4,2.4,1.23,14.2,0,28.4,3.04,3,191,4.9,27.1,417,1.2,8.3
9,37,598,38.1,35.7,2.5,1.26,14.5,0.3,28.8,3.02,3,187,4.9,27.5,411,1.3,8.7
9,38,583,38.6,36,2.6,1.29,15.5,1,30,2.98,2,181,5.2,29.6,402,1.4,9.2
9,39,563,39.1,36.5,2.6,1.28,16,1.3,30.8,2.93,3,173,5.4,31.2,390,1.4,9.3
9,40,551,39.6,36.8,2.8,1.37,17.3,2.3,32.3,2.91,3,171,5.1,30.6,380,1.8,11.3
9,41,534,39.5,37.1,2.4,1.16,16.3,1.1,31.6,2.88,4,166,3.7,26.2,368,1.9,11.9
9,42,518,40.2,37.4,2.7,1.29,17.9,2.4,33.5,2.86,3,158,4.6,30.3,360,1.9,12.5
9,43,500,40.8,37.8,3,1.39,19.5,3.5,35.4,2.83,3,155,5.2,32.8,345,2,13.4
9,44,482,41.3,38.1,3.1,1.42,20.5,4.2,36.8,2.81,3,148,6,37,334,1.9,13.2
9,45,460,41.5,38.6,3,1.3,20.6,3.8,37.4,2.78,3,142,6.8,40.4,318,1.2,11.7
9,46,439,41.2,39,2.2,0.95,13.4,-0.6,27.4,2.71,3,136,5.3,21.9,303,0.8,9.6
9,47,422,41.2,39.3,1.9,0.8,12.7,-1.6,27,2.67,2,131,5.1,21.9,291,0.5,8.6
9,48,401,41.9,39.7,2.2,0.88,13.9,-0.7,28.6,2.65,2,127,4.7,21.1,274,1,10.6
9,49,377,43,40.2,2.8,1.11,16.5,1.3,31.8,2.62,3,121,4.9,22.6,256,1.8,13.6
9,50,361,42.4,40.5,1.9,0.74,13.9,-1.5,29.3,2.6,2,114,4.7,22.7,247,0.6,9.8
9,51,330,42.4,41.1,1.4,0.5,12.1,-3.9,28.1,2.56,3,105,2.1,12.7,225,1,11.9
9,52,303,41.9,41.7,0.2,0.07,9.4,-7.2,26,2.51,1,94,-1.3,4.4,209,0.9,11.7
9,53,286,41.6,42.1,-0.5,-0.18,7.4,-9.7,24.4,2.48,1,88,-3.5,-2.9,198,0.8,11.9
9,54,265,42.3,42.7,-0.4,-0.13,7.9,-9.7,25.6,2.44,2,80,-2.9,-1.7,185,0.7,12.1
9,55,245,43.3,43.1,0.2,0.06,10.8,-7.9,29.4,2.43,1,74,-4,-2.6,171,2,16.6
9,56,230,43,43.5,-0.5,-0.14,7.2,-11.4,25.8,2.39,1,70,-5.1,-5.8,160,1.5,12.9
9,57,212,42.9,43.8,-0.9,-0.27,4.6,-13.9,23.1,2.36,1,62,-5.2,-4.8,150,0.9,8.5
9,58,191,42.4,44.4,-2,-0.56,3.3,-16.4,23,2.35,1,55,-4.8,-1.7,136,-0.9,5.3
9,59,171,43.3,45.1,-1.8,-0.47,3.5,-17.2,24.1,2.31,1,47,-4.8,0.2,124,-0.7,4.7
9,60,162,43.2,45.6,-2.4,-0.6,-0.7,-20.6,19.1,2.25,1,44,-7,-10.5,118,-0.6,2.9
9,61,145,43.4,46.2,-2.7,-0.66,-3.1,-23,16.9,2.21,1,39,-2.4,1,106,-2.9,-4.6
9,62,130,43.1,46.9,-3.8,-0.88,-6.6,-27,13.8,2.15,1,36,-5,-5.2,94,-3.4,-7.2
9,63,119,43.7,47.3,-3.6,-0.78,-5.4,-26.9,16.1,2.14,1,33,-1.4,3.4,86,-4.4,-8.7
9,64,98,44.9,48.4,-3.5,-0.69,-4.3,-28.1,19.5,2.1,1,26,-5.6,-3,72,-2.7,-4.8
9,65,88,47.7,48.9,-1.2,-0.22,1.7,-23.9,27.2,2.08,1,25,-4.1,0.8,63,0,2
10,35,510,38.8,35.1,3.7,1.75,18.3,2.3,34.4,3.1,4,162,5.8,32.1,348,2.7,11.9
10,36,509,38.9,35.1,3.8,1.78,18.6,2.5,34.6,3.1,4,162,5.8,32.1,347,2.8,12.2
10,37,501,39.1,35.4,3.8,1.76,18.6,2.4,34.8,3.07,4,160,5.5,31,341,3,12.8
10,38,489,39.9,35.7,4.2,1.92,20.7,4.3,37.2,3.03,4,155,6.3,35.3,334,3.2,14
10,39,473,40.6,36.2,4.4,2,22.1,5.3,38.8,2.98,4,148,7,39,325,3.2,14.4
10,40,463,41.5,36.4,5,2.24,24.7,7.7,41.8,2.96,4,147,7.2,40,316,4,17.6
10,41,452,41.4,36.7,4.6,2.05,23.8,6.5,41,2.94,4,143,6,36.7,309,4,17.8
10,42,440,41.8,37,4.8,2.08,24.8,7.2,42.3,2.91,4,137,6.7,40,303,3.9,17.9
10,43,428,42.5,37.3,5.2,2.22,26.6,8.7,44.5,2.89,4,135,7.2,42.1,293,4.3,19.5
10,44,413,43.1,37.7,5.4,2.27,27.9,9.6,46.3,2.86,3,129,8,46.2,284,4.2,19.7
10,45,397,43.3,38.1,5.3,2.16,28.1,9.3,46.9,2.84,3,124,8.6,49.4,273,3.8,18.4
10,46,381,42.8,38.5,4.3,1.73,19.5,4,34.9,2.76,3,119,6.7,27.5,262,3.2,15.8
10,47,367,42.8,38.8,4,1.57,19.1,3.3,34.9,2.73,3,114,6.5,27.7,253,2.9,15.2
10,48,349,43.3,39.2,4.1,1.56,19.8,3.6,36,2.71,3,110,6,27,239,3.2,16.5
10,49,331,44.4,39.6,4.8,1.79,22.7,5.9,39.4,2.67,4,106,6.5,29.2,225,4,19.6
10,50,321,43.9,39.8,4.1,1.5,20.1,3.3,36.9,2.65,3,101,5.6,27.3,220,3.4,16.9
10,51,296,43.9,40.4,3.5,1.24,18,0.7,35.4,2.61,3,93,2.3,15,203,4.1,19.4
10,52,272,43.4,41,2.4,0.8,15.2,-2.8,33.3,2.56,2,82,-1.6,5.8,190,4.1,19.3
10,53,258,42.6,41.4,1.2,0.4,12,-6.4,30.4,2.54,2,76,-4.2,-2.6,182,3.5,18.1
10,54,238,43.7,41.9,1.8,0.56,13.6,-5.6,32.8,2.49,2,68,-3.5,-1.1,170,3.9,19.5
10,55,222,44.6,42.3,2.3,0.7,16,-4.1,36.1,2.48,2,63,-4,-0.9,159,4.8,22.7
10,56,207,44.4,42.7,1.7,0.5,12.4,-7.7,32.5,2.44,2,59,-5.2,-4.5,148,4.5,19.2
10,57,194,44.3,43,1.3,0.37,9.4,-10.3,29.2,2.41,2,54,-5.6,-4.5,140,4,14.8
10,58,174,43.7,43.6,0.1,0.03,8,-13.2,29.1,2.4,2,47,-5.2,-0.8,127,2.1,11.2
10,59,155,44.5,44.2,0.3,0.09,8.1,-14.1,30.3,2.36,2,39,-5.3,1.7,116,2.2,10.2
10,60,147,44.9,44.7,0.2,0.05,4.4,-16.9,25.7,2.3,2,37,-6.3,-8.1,110,2.4,8.6
10,61,131,45,45.3,-0.2,-0.05,1.7,-19.7,23.1,2.26,2,32,-0.6,6.3,99,-0.1,0.2
10,62,116,44.8,46,-1.1,-0.24,-1.7,-23.7,20.4,2.2,2,29,-3.7,-0.9,87,-0.3,-1.9
10,63,106,45.3,46.3,-1,-0.21,-0.7,-24,22.6,2.19,2,27,-0.7,6.4,79,-1.1,-3.1
10,64,88,47.7,47.4,0.3,0.06,2.6,-23.1,28.3,2.15,2,22,-5.5,-1.2,66,2.2,3.9
10,65,78,51.3,47.9,3.4,0.61,10.2,-17.5,37.9,2.13,2,21,-3.7,3.5,57,6,12.7
11,35,434,37.8,35,2.8,1.23,17.4,-0.5,35.4,3.14,3,138,4.3,31.3,296,2.1,11
11,36,434,37.8,35,2.8,1.23,17.4,-0.5,35.4,3.14,3,138,4.3,31.3,296,2.1,11
11,37,428,37.9,35.2,2.7,1.16,16.9,-1.1,35,3.12,3,136,4,30,292,2.1,10.8
11,38,417,38.8,35.6,3.3,1.4,20,1.6,38.4,3.07,4,131,4.8,34.9,286,2.6,13.2
11,39,404,39.6,36,3.6,1.5,21.6,2.8,40.4,3.02,3,125,5.3,38.3,279,2.8,14.2
11,40,397,40.3,36.3,4,1.68,23.8,4.7,42.8,3,4,124,5.6,39.4,273,3.4,16.7
11,41,389,40.6,36.5,4.1,1.68,24.3,5.1,43.6,2.98,4,123,5.8,40.6,266,3.3,16.9
11,42,382,41.1,36.7,4.4,1.77,25.7,6.1,45.2,2.96,4,119,6,42.2,263,3.6,18.2
11,43,373,41.8,37,4.8,1.92,27.7,7.8,47.6,2.93,4,118,6.2,43.4,255,4.1,20.4
11,44,363,42.4,37.3,5.1,2.01,29.3,9,49.5,2.91,4,115,7,47.2,248,4.2,20.9
11,45,351,42.5,37.6,4.8,1.86,28.9,8.2,49.6,2.89,3,111,7.3,49.5,240,3.6,19.4
11,46,340,42.1,38,4,1.54,20.1,3.3,36.8,2.81,4,107,5.7,26.6,233,3.3,17.1
11,47,330,42.4,38.3,4.2,1.55,20.9,3.9,37.9,2.78,4,103,6,28.3,227,3.3,17.5
11,48,315,42.9,38.6,4.2,1.54,21.6,4.1,39,2.76,4,99,5.5,27.6,216,3.6,18.8
11,49,302,44,39,5.1,1.81,24.6,6.7,42.5,2.72,4,96,6.7,31.6,206,4.3,21.4
11,50,293,43.7,39.2,4.5,1.58,22.4,4.4,40.4,2.7,4,92,6.2,31.1,201,3.7,18.5
11,51,268,43.7,39.8,3.9,1.31,20.3,1.6,39,2.67,3,84,2.7,17.9,184,4.5,21.4
11,52,245,43.3,40.4,2.9,0.93,18,-1.5,37.5,2.61,2,73,-1.6,7.9,172,4.8,22.3
11,53,231,42.4,40.8,1.6,0.51,14.6,-5.4,34.6,2.59,2,67,-4.6,-1.3,164,4.2,21.1
11,54,216,43.5,41.2,2.3,0.68,16.2,-4.5,36.9,2.54,2,61,-3.4,1.3,155,4.5,22.1
11,55,203,44.3,41.6,2.7,0.79,18.5,-3.1,40,2.52,3,58,-3.4,2.3,145,5.2,25
11,56,189,44.4,42,2.4,0.68,15.4,-6.2,37,2.48,3,54,-4.7,-1.4,135,5.3,22.1
11,57,177,44.1,42.3,1.8,0.48,11.6,-9.6,32.8,2.46,3,50,-5.9,-3.1,127,4.8,17.4
11,58,159,44,42.8,1.2,0.31,11.7,-10.9,34.4,2.44,2,43,-5.5,1.2,116,3.7,15.7
11,59,142,44.4,43.4,1,0.24,10.8,-13.1,34.6,2.41,2,37,-7.7,-1.2,105,4,15
11,60,134,44.8,43.9,0.9,0.21,6.9,-16,29.8,2.35,2,35,-8.9,-11.7,99,4.3,13.5
11,61,119,44.5,44.4,0.1,0.02,3.4,-19.7,26.4,2.31,2,30,-3.3,3,89,1.2,3.5
11,62,105,43.8,45.1,-1.3,-0.27,-1.1,-24.9,22.7,2.24,2,27,-6.8,-5.1,78,0.6,0.3
11,63,95,44.2,45.4,-1.2,-0.23,0.1,-25.3,25.4,2.24,2,25,-3.9,2.5,70,-0.2,-0.8
11,64,78,46.2,46.5,-0.3,-0.06,2.7,-25.5,30.9,2.19,2,20,-9.9,-6.9,58,3,6
11,65,70,50,46.9,3.1,0.51,11,-19.2,41.2,2.18,3,19,-8.1,-2,51,7.2,15.9
12,35,341,37.8,34.6,3.2,1.24,22.9,1.2,44.5,3.22,4,111,3.5,35,230,3,17
12,36,341,37.8,34.6,3.2,1.24,22.9,1.2,44.5,3.22,4,111,3.5,35,230,3,17
12,37,336,37.8,34.9,2.9,1.13,21.9,0.2,43.7,3.2,3,109,3,33.4,227,2.9,16.4
12,38,329,38.6,35.2,3.4,1.29,24.5,2.4,46.7,3.16,3,105,3.8,38.5,224,3.2,18
12,39,319,39.5,35.7,3.8,1.43,26.8,4.2,49.4,3.11,4,102,4.5,42.6,217,3.5,19.4
12,40,314,40.1,35.9,4.2,1.56,28.8,5.9,51.7,3.08,4,101,4.8,44,213,4,21.7
12,41,309,40.5,36.1,4.3,1.59,29.6,6.5,52.8,3.06,4,100,5.1,45.4,209,4,22.1
12,42,303,40.9,36.3,4.6,1.66,31,7.5,54.5,3.04,4,97,4.9,46.2,206,4.4,23.9
12,43,295,41.7,36.7,5,1.79,33.2,9.3,57.2,3.02,4,96,5.3,47.7,199,4.9,26.3
12,44,290,42.1,36.9,5.2,1.82,34.3,10,58.5,3,4,93,6.1,52.5,197,4.7,25.7
12,45,281,42.3,37.2,5.1,1.78,34.9,10.1,59.7,2.98,4,89,6.5,55.5,192,4.5,25.4
12,46,274,42,37.6,4.4,1.51,24.5,5.1,44,2.88,4,87,4.7,27.7,187,4.3,23.1
12,47,268,42.5,37.8,4.8,1.61,26.1,6.4,45.9,2.85,4,84,4.7,28.4,184,4.8,25.1
12,48,260,43.1,38.1,5,1.67,27.3,7.2,47.3,2.84,4,83,5.1,29.9,177,5,26
12,49,250,44,38.4,5.6,1.83,29.7,9.1,50.3,2.8,4,81,6,33.1,169,5.5,28.1
12,50,244,43.4,38.6,4.9,1.56,27.1,6.4,47.7,2.78,4,78,4.9,30.9,166,4.9,25.3
12,51,229,41.9,39,2.9,0.9,20.8,-0.3,41.8,2.74,4,70,0.5,15,159,4,23.3
12,52,210,41.9,39.6,2.3,0.68,19.6,-2.4,41.5,2.69,2,62,-1.9,10,148,4.1,23.6
12,53,198,40.9,40,0.9,0.26,15.7,-6.8,38.3,2.67,1,57,-4.4,1.8,141,3,21.4
12,54,184,41.8,40.5,1.4,0.38,17.1,-6.3,40.5,2.61,2,51,-2.9,5.2,133,3,21.7
12,55,175,42.3,40.8,1.5,0.4,18.6,-5.7,42.8,2.6,2,48,-2.8,6.7,127,3.1,23
12,56,164,42.7,41.2,1.5,0.39,15.7,-8.4,39.9,2.55,2,46,-3.8,3.2,118,3.5,20.6
12,57,154,42.2,41.4,0.8,0.19,11.5,-12.1,35.1,2.52,2,42,-5.1,1.7,112,3,15.2
12,58,137,42.3,41.9,0.4,0.09,12.5,-13,38,2.51,2,35,-4.5,7.9,102,2.1,14
12,59,123,42.3,42.5,-0.2,-0.05,10.5,-16.2,37.2,2.48,2,32,-7.3,3.2,91,2.2,13.1
12,60,116,42.2,43,-0.8,-0.18,5.1,-20.4,30.6,2.4,2,31,-9.8,-11.7,85,2.5,11.2
12,61,105,42.9,43.6,-0.8,-0.16,2.9,-22.4,28.3,2.36,2,27,-5,1.3,78,0.7,3.5
12,62,92,41.3,44.3,-3,-0.58,-3.3,-29.6,22.9,2.28,0,24,-9.3,-8,68,-0.8,-1.7
12,63,84,41.7,44.6,-2.9,-0.54,-2.1,-29.9,25.7,2.29,1,22,-6.2,0.4,62,-1.7,-3
12,64,68,42.6,45.7,-3,-0.5,-1.1,-32.5,30.2,2.24,2,17,-13.9,-11.4,51,0.6,2.3
12,65,62,45.2,46.2,-1,-0.16,4.6,-28.7,38,2.22,3,16,-12,-5.8,46,2.8,8.2
13,35,281,38.4,34.4,4,1.41,29,3.8,54.3,3.29,4,94,1.7,32.6,187,5.1,27.3
13,36,281,38.4,34.4,4,1.41,29,3.8,54.3,3.29,4,94,1.7,32.6,187,5.1,27.3
13,37,279,38.4,34.6,3.8,1.33,28.2,3,53.5,3.28,3,93,1.9,34.1,186,4.7,25.3
13,38,273,39.2,34.9,4.3,1.48,31.1,5.3,56.8,3.23,3,89,2.8,40.1,184,5,26.7
13,39,265,40,35.4,4.6,1.57,33.1,6.9,59.3,3.18,4,87,3.3,43.3,178,5.3,28.1
13,40,260,40.8,35.7,5.1,1.72,35.6,9,62.3,3.15,4,86,3.6,45,174,5.9,31
13,41,256,41,35.9,5.2,1.72,36.2,9.3,63.1,3.13,4,86,3.6,45,170,5.9,31.7
13,42,253,41.5,36,5.5,1.81,37.8,10.6,65,3.12,4,84,4.2,48.4,169,6.1,32.5
13,43,247,42.1,36.3,5.8,1.89,39.6,11.9,67.2,3.09,4,83,4.5,50.2,164,6.4,34.2
13,44,242,42.6,36.6,6,1.92,41,12.9,69,3.07,4,80,5.5,55.8,162,6.2,33.6
13,45,236,42.8,36.9,5.9,1.89,41.6,13,70.2,3.05,4,77,5.5,57.5,159,6.1,33.9
13,46,232,42.2,37.2,5.1,1.6,29.6,7.6,51.6,2.94,3,76,4.3,29.3,156,5.5,29.7
13,47,227,42.7,37.4,5.4,1.67,31,8.7,53.3,2.91,4,73,4.2,30.2,154,5.9,31.4
13,48,221,43,37.7,5.3,1.64,31.3,8.7,54,2.9,3,72,4.6,32,149,5.7,31
13,49,213,43.7,38,5.7,1.72,33.2,10,56.3,2.87,3,71,5.1,33.9,142,6,32.8
13,50,209,43.1,38.1,4.9,1.47,30.3,7.1,53.4,2.85,3,70,4.2,31.6,139,5.3,29.6
13,51,195,41.5,38.6,2.9,0.84,23.9,0.1,47.6,2.81,3,63,0.2,16.3,132,4.2,27.4
13,52,179,41.9,39.2,2.7,0.75,23.8,-1,48.6,2.75,2,55,-2.5,10.8,124,5,29.5
13,53,169,40.8,39.6,1.2,0.32,19.6,-5.9,45,2.73,2,51,-6,-0.4,118,4.3,28.2
13,54,158,41.1,40.1,1.1,0.27,19.2,-7.1,45.5,2.67,2,45,-4.5,3.2,113,3.3,25.6
13,55,153,41.8,40.4,1.5,0.37,21.2,-5.7,48,2.65,2,44,-3.8,5.6,109,3.6,27.4
13,56,146,41.8,40.8,1,0.25,16.6,-9.8,43,2.6,2,42,-4.9,1.7,104,3.4,22.6
13,57,139,42.4,41,1.5,0.35,14.6,-10.9,40.1,2.57,2,40,-3.2,6.8,99,3.4,17.7
13,58,124,41.9,41.5,0.5,0.11,14.2,-13.3,41.8,2.56,3,33,-2.1,14.4,91,1.4,14.2
13,59,112,41.1,42,-1,-0.21,10.2,-18.4,38.9,2.52,2,31,-6.1,6.5,81,1,11.7
13,60,105,41,42.6,-1.6,-0.34,4.2,-23.2,31.6,2.44,2,30,-8.6,-8.8,75,1.2,9.4
13,61,96,41.7,43.2,-1.5,-0.3,1.9,-25,28.9,2.39,2,27,-5,1.3,69,-0.2,2.1
13,62,85,40,43.9,-3.9,-0.72,-4.9,-32.6,22.8,2.31,1,24,-9.3,-8,61,-1.8,-3.7
13,63,79,41.8,44.2,-2.4,-0.43,-0.8,-29.9,28.3,2.31,1,22,-6.2,0.4,57,-1,-1.3
13,64,63,42.9,45.3,-2.4,-0.39,0.6,-32.5,33.8,2.27,3,17,-13.9,-11.4,46,1.8,5
13,65,58,44.8,45.8,-1,-0.15,5.2,-29.9,40.2,2.25,3,16,-12,-5.8,42,3.2,9.4
14,35,236,38.6,34.2,4.4,1.42,32.1,3.4,60.7,3.35,4,78,1.6,39.4,158,5.7,28.4
14,36,236,38.6,34.2,4.4,1.42,32.1,3.4,60.7,3.35,4,78,1.6,39.4,158,5.7,28.4
14,37,235,38.7,34.2,4.5,1.45,32.6,3.9,61.4,3.34,4,77,1.9,41.3,158,5.7,28.4
14,38,230,39.6,34.6,5,1.58,35.5,6.3,64.8,3.3,4,74,2.7,47,156,6,30.1
14,39,224,40.2,35,5.1,1.62,36.8,7.1,66.6,3.25,4,72,3.2,51.1,152,6.1,30.1
14,40,221,40.7,35.2,5.5,1.71,38.7,8.6,68.8,3.22,4,72,3.2,51.1,149,6.6,32.7
14,41,218,41.3,35.4,5.9,1.81,40.6,10.2,71,3.21,4,72,3.2,51.1,146,7.2,35.5
14,42,216,41.7,35.6,6.1,1.88,41.9,11.3,72.5,3.19,4,71,3.6,53.2,145,7.4,36.4
14,43,211,42.2,35.9,6.3,1.92,43.4,12.3,74.6,3.17,4,70,3.9,55.4,141,7.5,37.5
14,44,206,42.7,36.2,6.6,1.96,45.2,13.4,76.9,3.14,4,67,5.1,62.3,139,7.3,36.9
14,45,202,43.6,36.4,7.2,2.13,48,15.8,80.3,3.13,4,65,6,67.3,137,7.7,38.9
14,46,199,43.2,36.7,6.5,1.92,36.5,11.9,61.1,3.02,4,64,4.6,34,135,7.4,37.7
14,47,196,43.9,36.8,7,2.04,38.6,13.7,63.5,2.99,4,63,5.1,36.1,133,8,39.8
14,48,190,44.2,37.1,7.1,2.02,39.2,13.9,64.5,2.97,4,62,5.6,38.3,128,7.8,39.6
14,49,185,44.3,37.4,7,1.95,39.4,13.7,65.1,2.95,4,61,6.2,40.6,124,7.3,38.8
14,50,182,44,37.5,6.4,1.79,37,11.4,62.7,2.93,3,61,6.2,40.6,121,6.6,35.2
14,51,170,42.9,38,5,1.33,32.1,5.7,58.4,2.89,3,54,1.7,24,116,6.5,35.8
14,52,159,42.8,38.5,4.3,1.12,30.4,3.2,57.6,2.83,3,48,-0.6,19.6,111,6.4,35
14,53,150,41.3,38.9,2.5,0.62,25.2,-2.7,53.2,2.8,2,44,-4.4,7.4,106,5.3,32.6
14,54,140,41.4,39.3,2.1,0.51,24.4,-4.6,53.3,2.74,2,39,-3.3,10.1,101,4.2,29.9
14,55,135,42.2,39.6,2.6,0.62,26.8,-2.9,56.5,2.72,2,38,-2.5,12.9,97,4.6,32.2
14,56,129,41.9,40,1.9,0.43,20.9,-8.2,50,2.67,2,36,-3.7,8.8,93,4,25.6
14,57,124,41.9,40.2,1.7,0.39,17,-10.9,44.8,2.63,2,36,-3.7,8.8,88,3.9,20.3
14,58,111,41.4,40.6,0.8,0.18,17,-13.1,47,2.62,2,30,-3.8,14,81,2.5,18.1
14,59,100,41,41.2,-0.2,-0.03,14.1,-17.4,45.5,2.58,2,28,-8.3,5.3,72,3,17.5
14,60,94,41.5,41.7,-0.3,-0.05,8.8,-21.1,38.8,2.5,2,27,-11.2,-11.8,67,4.2,17.1
14,61,85,42.4,42.3,0,0,6.7,-22.9,36.3,2.45,2,24,-7.5,-0.8,61,3,9.7
14,62,75,40,43,-3,-0.53,-1.7,-32.2,28.7,2.36,2,21,-12.7,-11.7,54,0.7,2.1
14,63,70,41.4,43.3,-1.9,-0.32,1.8,-30.1,33.6,2.36,2,19,-9.5,-2.4,51,0.9,3.3
14,64,56,41.1,44.4,-3.3,-0.5,0.5,-35.9,36.8,2.32,2,14,-20,-17.6,42,2.3,6.5
14,65,51,43.1,44.9,-1.8,-0.25,5.6,-33.2,44.5,2.3,2,13,-18.2,-11.3,38,3.9,11.4
15,35,189,38.6,33.8,4.8,1.39,37.6,3.4,71.9,3.46,4,61,1.1,44.7,128,6.6,34.3
15,36,189,38.6,33.8,4.8,1.39,37.6,3.4,71.9,3.46,4,61,1.1,44.7,128,6.6,34.3
15,37,188,38.8,33.9,4.9,1.43,38.4,4,72.7,3.45,4,60,1.4,47.1,128,6.6,34.3
15,38,184,39.7,34.3,5.4,1.54,41.4,6.4,76.4,3.4,4,57,2.4,54.8,127,6.7,35.3
15,39,179,40.2,34.7,5.5,1.54,42.5,6.9,78.1,3.35,4,55,3.1,60.5,124,6.5,34.5
15,40,177,40.7,34.9,5.8,1.61,44.1,8.1,80,3.33,4,55,3.1,60.5,122,7,36.7
15,41,176,40.9,35,5.9,1.64,44.9,8.8,81,3.32,4,55,3.1,60.5,121,7.2,37.8
15,42,174,41.4,35.2,6.2,1.71,46.6,10.1,83,3.3,4,54,3.5,63.4,120,7.4,39
15,43,172,41.9,35.3,6.5,1.79,48.3,11.5,85.1,3.29,4,54,3.5,63.4,118,7.9,41.3
15,44,168,42.9,35.7,7.2,1.95,51.8,14.3,89.3,3.26,4,51,5,73,117,8.2,42.5
15,45,165,43.6,35.8,7.8,2.09,54.6,16.5,92.6,3.25,4,49,6.3,80.1,116,8.4,43.8
15,46,162,43.2,36.2,7,1.86,40.5,12.1,68.9,3.12,4,48,4.4,35.9,114,8.1,42.4
15,47,159,44,36.4,7.6,2,43.2,14.4,71.9,3.09,4,47,5,38.8,112,8.7,45
15,48,153,44.4,36.8,7.7,1.97,44.1,14.7,73.5,3.07,4,46,5.6,41.8,107,8.6,45.1
15,49,150,44.7,36.9,7.7,1.96,44.7,15,74.5,3.04,4,46,5.6,41.8,104,8.6,46
15,50,148,44.6,37.1,7.5,1.89,43.1,13.4,72.8,3.02,3,46,5.6,41.8,102,8.4,43.6
15,51,142,44.4,37.4,7,1.72,41.1,11,71.3,2.99,3,42,4.2,35.5,100,8.1,43.5
15,52,133,43.6,37.8,5.8,1.37,37.8,6.6,68.9,2.92,3,36,1.6,31.7,97,7.3,40
15,53,127,42.5,38.2,4.3,1,33.4,1.6,65.2,2.9,2,34,-2.2,17.8,93,6.7,39.1
15,54,119,42,38.6,3.4,0.76,30.8,-2,63.7,2.83,2,31,-2.7,15.2,88,5.5,36.3
15,55,114,43,39,4,0.88,34,0.1,67.9,2.82,2,30,-1.6,19.1,84,6,39.3
15,56,109,42.2,39.4,2.8,0.61,26.2,-7,59.3,2.75,2,28,-3,14.2,81,4.9,30.3
15,57,106,41.5,39.5,2,0.42,19.4,-11.9,50.7,2.7,2,28,-3,14.2,78,3.8,21.3
15,58,96,42.7,39.9,2.8,0.56,23.8,-9.8,57.4,2.7,3,23,-0.2,28.1,73,3.8,22.4
15,59,88,43.2,40.4,2.7,0.52,22.5,-12.1,57.1,2.65,3,23,-0.2,28.1,65,3.8,20.5
15,60,82,43.9,41,2.9,0.53,17.1,-16,50.2,2.56,2,22,-3.4,8.3,60,5.2,20.4
15,61,76,44.7,41.6,3.1,0.55,14.2,-17.9,46.3,2.5,2,21,-1.6,13.4,55,4.9,14.5
15,62,66,42.4,42.3,0.1,0.02,5.8,-27.7,39.2,2.41,2,18,-6.7,3,48,2.7,6.8
15,63,62,43.5,42.6,1,0.15,8.6,-26.3,43.5,2.41,2,17,-4.6,9.1,45,3.1,8.4
15,64,50,42,43.7,-1.7,-0.24,4.7,-34.9,44.4,2.37,1,12,-14.9,-3.9,38,2.5,7.4
15,65,45,44.4,44.2,0.3,0.03,11.1,-31.6,53.7,2.36,1,11,-12.3,4.8,34,4.3,13.1
16,35,153,38.6,33.1,5.5,1.44,45.4,4.6,86.3,3.57,4,44,3,64.3,109,6.5,37.8
16,36,153,38.6,33.1,5.5,1.44,45.4,4.6,86.3,3.57,4,44,3,64.3,109,6.5,37.8
16,37,153,38.6,33.1,5.5,1.44,45.4,4.6,86.3,3.57,4,44,3,64.3,109,6.5,37.8
16,38,149,39.6,33.5,6.1,1.56,49.3,7.6,91.1,3.51,4,41,4.4,76.3,108,6.7,39.1
16,39,145,40,34,6,1.53,49.9,7.4,92.4,3.46,4,39,5.5,85.4,106,6.2,36.9
16,40,144,40.3,34.1,6.2,1.56,51,8.2,93.7,3.44,4,39,5.5,85.4,105,6.4,38.2
16,41,143,40.6,34.2,6.4,1.6,52,9,95,3.43,4,39,5.5,85.4,104,6.7,39.5
16,42,141,41.1,34.4,6.7,1.68,54.2,10.7,97.7,3.41,4,38,6.2,90.2,103,6.9,40.9
16,43,139,41.7,34.6,7.1,1.76,56.4,12.4,100.4,3.39,4,38,6.2,90.2,101,7.5,43.7
16,44,136,42.6,34.9,7.8,1.9,59.9,15,104.7,3.37,4,36,7.7,100.8,100,7.8,45.1
16,45,133,43.6,35.1,8.5,2.05,63.5,17.8,109.1,3.36,4,34,9.6,112.6,99,8.1,46.6
16,46,130,43.1,35.5,7.5,1.8,46.2,13,79.4,3.2,4,33,7,49.4,97,7.7,45.1
16,47,128,43.8,35.7,8,1.9,48.5,14.9,82,3.18,4,32,8,54,96,8.1,46.6
16,48,125,44,36,8,1.88,49,15,83,3.17,4,31,9,59,94,7.7,45.7
16,49,122,44.3,36.2,8.1,1.86,49.8,15.3,84.4,3.14,4,31,9,59,91,7.8,46.7
16,50,120,44.2,36.3,7.8,1.79,47.9,13.4,82.4,3.12,4,31,9,59,89,7.4,44
16,51,117,44.4,36.5,7.9,1.78,48.6,13.6,83.6,3.11,4,29,8.1,57.4,88,7.9,45.7
16,52,111,43.2,36.9,6.4,1.39,43.8,8,79.7,3.05,3,24,3.5,50.6,87,7.2,42
16,53,106,42.5,37.2,5.2,1.12,40.3,3.6,77,3.02,2,23,0.7,37.6,83,6.5,41
16,54,100,42,37.6,4.4,0.91,38.1,0.3,75.9,2.95,2,21,-1.1,30,79,5.9,40.2
16,55,96,42.7,37.9,4.8,0.97,40.7,1.8,79.7,2.94,2,21,-1.1,30,75,6.5,43.7
16,56,92,41.3,38.3,3,0.59,30.3,-7.7,68.3,2.87,2,20,-4.9,17.7,72,5.2,33.8
16,57,90,40,38.5,1.5,0.3,21.1,-14.5,56.6,2.81,2,20,-4.9,17.7,70,3.4,22
16,58,82,41.5,38.8,2.7,0.5,26.5,-11.5,64.5,2.81,3,17,0.3,38.5,65,3.3,23.4
16,59,75,42.7,39.3,3.4,0.6,26.9,-12.5,66.2,2.76,3,17,0.3,38.5,58,4.3,23.4
16,60,70,42.9,39.9,3,0.51,19.1,-18.2,56.5,2.66,2,16,-4,11.9,54,5,21.3
16,61,64,43.8,40.5,3.3,0.53,15.9,-20.5,52.3,2.6,2,15,-1.6,19.3,49,4.7,14.8
16,62,56,42.9,41.1,1.7,0.26,10.3,-27.5,48,2.5,2,12,-9.2,5.2,44,4.7,11.6
16,63,53,43.4,41.4,2,0.29,11.8,-27.3,51,2.49,2,12,-9.2,5.2,41,5.3,13.8
16,64,43,41.9,42.4,-0.6,-0.07,8.2,-36.4,52.7,2.45,1,8,-19.3,-2.2,35,3.7,10.5
16,65,38,44.7,42.9,1.9,0.23,16.1,-32.5,64.8,2.44,1,7,-15.8,11.7,31,5.9,17.1
17,35,122,37.7,32.8,4.9,1.14,46.8,-1.8,95.4,3.64,4,33,6.1,89.2,89,4.4,31.1
17,36,122,37.7,32.8,4.9,1.14,46.8,-1.8,95.4,3.64,4,33,6.1,89.2,89,4.4,31.1
17,37,122,37.7,32.8,4.9,1.14,46.8,-1.8,95.4,3.64,4,33,6.1,89.2,89,4.4,31.1
17,38,119,38.7,33.3,5.4,1.25,50.5,0.8,100.2,3.58,4,31,7.6,101.4,88,4.6,32.6
17,39,117,39.3,33.6,5.8,1.32,53.1,2.7,103.5,3.54,4,30,8.4,108.1,87,4.9,34.1
17,40,116,39.7,33.7,6,1.36,54.4,3.6,105.2,3.53,4,30,8.4,108.1,86,5.1,35.7
17,41,115,40,33.8,6.2,1.4,55.7,4.6,106.9,3.51,4,30,8.4,108.1,85,5.4,37.2
17,42,113,40.7,34.1,6.6,1.49,58.5,6.6,110.4,3.49,4,29,9.4,115.3,84,5.7,38.9
17,43,112,41.1,34.2,6.9,1.53,59.9,7.6,112.2,3.47,4,29,9.4,115.3,83,6,40.6
17,44,110,41.8,34.5,7.4,1.62,62.8,9.7,115.9,3.45,4,27,11.6,131.3,83,6,40.6
17,45,110,41.8,34.5,7.4,1.62,62.8,9.7,115.9,3.45,4,27,11.6,131.3,83,6,40.6
17,46,107,41.1,35,6.2,1.34,41.8,4.6,79,3.25,4,26,8.3,51.7,81,5.5,38.6
17,47,105,41.9,35.2,6.7,1.45,44.5,6.8,82.2,3.24,4,25,9.6,57.8,80,5.9,40.4
17,48,102,42.2,35.4,6.7,1.42,45,6.7,83.4,3.23,3,24,11,64.3,78,5.4,39.1
17,49,101,42.6,35.5,7,1.48,46.5,7.8,85.1,3.22,3,24,11,64.3,77,5.8,40.9
17,50,100,43,35.7,7.3,1.53,47.9,9,86.8,3.21,3,24,11,64.3,76,6.2,42.7
17,51,97,43.3,35.9,7.4,1.52,48.8,9.1,88.4,3.2,3,22,10,62.8,75,6.6,44.6
17,52,93,43,36.2,6.8,1.37,48.2,7.4,88.9,3.15,3,18,7.6,62.8,75,6.6,44.6
17,53,89,42.7,36.5,6.2,1.21,47.6,5.5,89.6,3.14,3,18,7.6,62.8,71,5.8,43.7
17,54,85,42.4,36.8,5.5,1.06,45.4,2.4,88.4,3.06,3,16,6,56,69,5.4,42.9
17,55,82,43.9,37.1,6.8,1.27,50.7,6.5,94.9,3.05,3,16,6,56,66,7,49.4
17,56,78,42.3,37.6,4.7,0.87,38.9,-4.4,82.2,2.97,3,15,1.4,41.4,63,5.5,38.3
17,57,77,41.6,37.7,3.9,0.7,30,-10.1,70.2,2.9,3,15,1.4,41.4,62,4.4,27.3
17,58,72,43.1,37.9,5.1,0.89,35,-7.1,77.1,2.9,3,12,10.5,76.8,60,4,26.7
17,59,65,44.6,38.4,6.2,1.02,36.4,-7.6,80.3,2.86,3,12,10.5,76.8,53,5.2,27.2
17,60,60,45,39.1,5.9,0.94,28.1,-13.8,70.1,2.74,3,11,5.1,41.5,49,6.1,25.1
17,61,55,45.5,39.7,5.7,0.87,23,-17.6,63.6,2.67,3,11,5.1,41.5,44,5.9,18.4
17,62,49,46.9,40.4,6.6,0.93,22.3,-19.2,63.9,2.56,2,9,3.1,40.2,40,7.3,18.3
17,63,46,47.8,40.7,7.2,0.99,25,-18.4,68.3,2.55,3,9,3.1,40.2,37,8.2,21.2
17,64,37,45.9,41.7,4.3,0.53,20.9,-29,70.8,2.51,2,5,-3,56.4,32,5.4,15.3
17,65,34,47.1,42.2,4.9,0.58,24.5,-28.5,77.5,2.5,1,5,-3,56.4,29,6.3,19
18,35,109,40.4,32.9,7.5,1.66,59.5,5.9,113.1,3.7,4,27,11,119.4,82,6.3,39.8
18,36,109,40.4,32.9,7.5,1.66,59.5,5.9,113.1,3.7,4,27,11,119.4,82,6.3,39.8
18,37,109,40.4,32.9,7.5,1.66,59.5,5.9,113.1,3.7,4,27,11,119.4,82,6.3,39.8
18,38,106,41.5,33.4,8.1,1.77,64,9.1,118.9,3.64,4,25,13.2,137,81,6.6,41.5
18,39,104,42.3,33.7,8.6,1.85,67.2,11.4,122.9,3.59,4,24,14.4,146.9,80,6.8,43.3
18,40,103,42.7,33.9,8.8,1.89,68.8,12.6,125,3.57,4,24,14.4,146.9,79,7.1,45.1
18,41,102,43.1,34,9.1,1.94,70.5,13.8,127.1,3.56,4,24,14.4,146.9,78,7.5,46.9
18,42,101,43.6,34.2,9.4,1.99,72.1,15,129.3,3.54,4,23,15.9,157.6,78,7.5,46.9
18,43,100,44,34.3,9.7,2.04,73.9,16.3,131.5,3.53,4,23,15.9,157.6,77,7.8,48.8
18,44,99,44.4,34.5,9.9,2.08,75.6,17.5,133.7,3.51,4,22,17.4,169.3,77,7.8,48.8
18,45,99,44.4,34.5,9.9,2.08,75.6,17.5,133.7,3.51,4,22,17.4,169.3,77,7.8,48.8
18,46,96,43.8,35.1,8.7,1.78,52.6,12.3,92.9,3.29,4,21,13.7,72.6,75,7.3,47
18,47,95,44.2,35.2,9,1.84,54.2,13.6,94.8,3.28,4,20,15.5,81.3,75,7.3,47
18,48,93,44.1,35.4,8.7,1.75,53.4,12.3,94.5,3.27,3,19,17.7,90.8,74,6.4,43.8
18,49,92,44.6,35.5,9.1,1.82,55.1,13.7,96.5,3.27,4,19,17.7,90.8,73,6.8,45.8
18,50,91,45.1,35.6,9.4,1.87,56.8,15.1,98.5,3.26,4,19,17.7,90.8,72,7.2,47.8
18,51,89,44.9,35.8,9.1,1.79,56.2,14,98.5,3.25,4,17,17.1,91.9,72,7.2,47.8
18,52,87,44.8,36,8.8,1.72,56,13.1,98.9,3.19,4,15,16.5,95.3,72,7.2,47.8
18,53,83,44.6,36.3,8.2,1.56,55.7,11.4,100.1,3.19,3,15,16.5,95.3,68,6.4,47
18,54,79,44.3,36.7,7.6,1.41,53.8,8.3,99.4,3.1,4,13,15.9,92,66,6,46.3
18,55,76,46.1,37,9.1,1.64,59.9,13.1,106.7,3.09,4,13,15.9,92,63,7.7,53.3
18,56,72,44.4,37.5,7,1.23,47.7,1.6,93.7,3.01,3,12,11,76.8,60,6.2,41.9
18,57,71,43.7,37.6,6.1,1.05,38.1,-4.6,80.8,2.93,3,12,11,76.8,59,5.1,30.3
18,58,68,44.1,37.8,6.3,1.08,40,-4.1,84,2.93,3,11,15.1,92.8,57,4.6,29.8
18,59,62,45.2,38.3,6.9,1.11,39.6,-6,85.2,2.88,3,11,15.1,92.8,51,5.1,28.2
18,60,58,44.8,38.9,5.9,0.92,29,-14.1,72.1,2.76,3,10,9.6,55.6,48,5.1,23.5
18,61,53,45.3,39.6,5.7,0.85,23.8,-18,65.5,2.69,3,10,9.6,55.6,43,4.8,16.4
18,62,48,45.8,40.2,5.6,0.79,20.6,-21.7,63,2.57,2,9,3.1,40.2,39,6.2,16.1
18,63,45,46.7,40.5,6.2,0.84,23.2,-21,67.4,2.56,3,9,3.1,40.2,36,6.9,18.9
18,64,36,44.4,41.5,2.9,0.36,18.5,-32.6,69.6,2.53,2,5,-3,56.4,31,3.9,12.4
18,65,33,45.5,42,3.4,0.4,22.1,-32.3,76.5,2.51,1,5,-3,56.4,28,4.6,16
19,35,90,37.8,32.3,5.5,1.11,63.7,0.2,127.2,3.84,4,19,8.4,147.4,71,4.7,41.3
19,36,90,37.8,32.3,5.5,1.11,63.7,0.2,127.2,3.84,4,19,8.4,147.4,71,4.7,41.3
19,37,90,37.8,32.3,5.5,1.11,63.7,0.2,127.2,3.84,4,19,8.4,147.4,71,4.7,41.3
19,38,88,38.6,32.7,5.9,1.19,67.4,2.6,132.1,3.79,4,18,9.7,161.1,70,5,43.3
19,39,86,39.5,33.1,6.5,1.27,71.3,5.2,137.3,3.74,4,17,11.2,176.5,69,5.3,45.3
19,40,85,40,33.3,6.7,1.32,73.3,6.6,140,3.72,4,17,11.2,176.5,68,5.6,47.5
19,41,85,40,33.3,6.7,1.32,73.3,6.6,140,3.72,4,17,11.2,176.5,68,5.6,47.5
19,42,84,40.5,33.4,7.1,1.37,75.3,8,142.7,3.7,4,16,13.1,193.8,68,5.6,47.5
19,43,83,41,33.6,7.4,1.42,77.5,9.4,145.5,3.68,4,16,13.1,193.8,67,6,49.7
19,44,82,41.5,33.8,7.7,1.47,79.6,10.9,148.4,3.66,4,15,15.2,213.3,67,6,49.7
19,45,82,41.5,33.8,7.7,1.47,79.6,10.9,148.4,3.66,4,15,15.2,213.3,67,6,49.7
19,46,80,40,34.3,5.7,1.07,49.9,3.5,96.3,3.41,4,14,9.4,71.4,66,4.9,45.3
19,47,79,40.5,34.5,6.1,1.13,51.8,5,98.6,3.41,4,13,12,84.6,66,4.9,45.3
19,48,78,39.7,34.6,5.2,0.96,48.9,1.8,95.9,3.4,3,13,12,84.6,65,3.8,41.7
19,49,77,40.3,34.7,5.6,1.03,50.8,3.3,98.3,3.4,4,13,12,84.6,64,4.3,43.9
19,50,76,40.8,34.8,5.9,1.09,52.8,4.8,100.8,3.39,4,13,12,84.6,63,4.7,46.2
19,51,75,40,35,5,0.92,50,1.7,98.3,3.38,4,12,6.8,69.7,63,4.7,46.2
19,52,74,40.5,35,5.5,0.99,52,3.2,100.8,3.32,4,11,10,85.2,63,4.7,46.2
19,53,71,40.8,35.3,5.5,0.97,53.9,3.6,104.2,3.32,3,11,10,85.2,60,4.7,48.1
19,54,68,41.2,35.6,5.6,0.96,55.7,3.8,107.5,3.24,2,10,13.9,103.7,58,4.2,47.4
19,55,65,43.1,35.9,7.2,1.21,62.8,9.2,116.5,3.24,2,10,13.9,103.7,55,6,55.4
19,56,61,41,36.4,4.6,0.75,48.6,-4.6,101.8,3.15,2,9,7.1,84.7,52,4.2,42.3
19,57,60,40,36.5,3.5,0.56,37.3,-11.9,86.5,3.06,2,9,7.1,84.7,51,2.8,29
19,58,57,40.4,36.7,3.6,0.57,39.5,-11.6,90.5,3.06,2,8,12.2,107.7,49,2.3,28.3
19,59,51,41.2,37.2,4,0.59,39,-14.7,92.7,3.02,2,8,12.2,107.7,43,2.5,26.2
19,60,47,40.4,37.9,2.5,0.36,25.9,-25.2,76.9,2.88,2,7,3.9,56.7,40,2.3,20.4
19,61,44,38.6,38.5,0.1,0.01,13.5,-34.7,61.6,2.79,2,7,3.9,56.7,37,-0.6,5.3
19,62,39,38.5,39.2,-0.8,-0.1,8.3,-41.1,57.6,2.66,1,6,-6.7,33.8,33,0.3,3.6
19,63,37,40.5,39.5,1.1,0.13,14.1,-37.3,65.5,2.65,1,6,-6.7,33.8,31,2.6,10.3
19,64,30,40,40.5,-0.5,-0.05,13.8,-45.2,72.9,2.62,0,3,-7.8,86.3,27,0.4,5.8
19,65,27,40.7,40.9,-0.2,-0.02,17.7,-46.3,81.7,2.61,0,3,-7.8,86.3,24,0.7,9.1
20,35,65,41.5,32.7,8.9,1.53,97.9,13.3,182.5,3.93,3,12,20.5,271.3,53,6.2,58.6
20,36,65,41.5,32.7,8.9,1.53,97.9,13.3,182.5,3.93,3,12,20.5,271.3,53,6.2,58.6
20,37,65,41.5,32.7,8.9,1.53,97.9,13.3,182.5,3.93,3,12,20.5,271.3,53,6.2,58.6
20,38,65,41.5,32.7,8.9,1.53,97.9,13.3,182.5,3.93,3,12,20.5,271.3,53,6.2,58.6
20,39,65,41.5,32.7,8.9,1.53,97.9,13.3,182.5,3.93,3,12,20.5,271.3,53,6.2,58.6
20,40,65,41.5,32.7,8.9,1.53,97.9,13.3,182.5,3.93,3,12,20.5,271.3,53,6.2,58.6
20,41,65,41.5,32.7,8.9,1.53,97.9,13.3,182.5,3.93,3,12,20.5,271.3,53,6.2,58.6
20,42,65,41.5,32.7,8.9,1.53,97.9,13.3,182.5,3.93,3,12,20.5,271.3,53,6.2,58.6
20,43,64,42.2,32.9,9.3,1.58,101,15.3,186.7,3.91,3,12,20.5,271.3,52,6.7,61.7
20,44,63,42.9,33.1,9.7,1.64,104.2,17.4,191,3.89,2,11,24,305.1,52,6.7,61.7
20,45,63,42.9,33.1,9.7,1.64,104.2,17.4,191,3.89,2,11,24,305.1,52,6.7,61.7
20,46,61,41,33.8,7.2,1.19,66,8.7,123.3,3.57,2,10,16.8,115.6,51,5.3,56.3
20,47,61,41,33.8,7.2,1.19,66,8.7,123.3,3.57,2,10,16.8,115.6,51,5.3,56.3
20,48,61,41,33.8,7.2,1.19,66,8.7,123.3,3.57,2,10,16.8,115.6,51,5.3,56.3
20,49,61,41,33.8,7.2,1.19,66,8.7,123.3,3.57,2,10,16.8,115.6,51,5.3,56.3
20,50,60,41.7,34,7.7,1.26,68.8,10.8,126.8,3.55,2,10,16.8,115.6,50,5.9,59.4
20,51,59,40.7,34.1,6.6,1.07,65.5,6.8,124.1,3.55,2,9,10.4,99.2,50,5.9,59.4
20,52,58,41.4,34.2,7.2,1.15,68.3,8.9,127.7,3.48,2,8,15.3,124.1,50,5.9,59.4
20,53,57,42.1,34.3,7.8,1.24,71.3,11.1,131.4,3.47,2,8,15.3,124.1,49,6.6,62.7
20,54,55,41.8,34.5,7.3,1.14,71.3,9.6,133.1,3.41,2,7,21.5,156.1,48,5.2,59
20,55,53,43.4,34.8,8.6,1.32,77.8,14.4,141.2,3.41,2,7,21.5,156.1,46,6.6,65.9
20,56,49,40.8,35.3,5.5,0.81,61.3,-2.5,125,3.31,2,6,12.7,136.3,43,4.5,50.8
20,57,48,39.6,35.5,4.1,0.59,47.4,-11.5,106.4,3.21,2,6,12.7,136.3,42,2.9,34.7
20,58,48,39.6,35.5,4.1,0.59,47.4,-11.5,106.4,3.21,2,6,12.7,136.3,42,2.9,34.7
20,59,43,39.5,35.9,3.7,0.5,44.6,-17.4,106.7,3.17,2,6,12.7,136.3,37,2.2,29.7
20,60,39,38.5,36.6,1.9,0.24,29.3,-30.2,88.8,3.01,2,5,1.2,70.6,34,2,23.2
20,61,36,36.1,37.3,-1.2,-0.15,14.4,-42,70.9,2.93,0,5,1.2,70.6,31,-1.6,5.4
20,62,32,34.4,37.9,-3.6,-0.42,4.7,-52.8,62.2,2.76,0,4,-15.4,39.8,28,-1.9,-0.3
20,63,30,36.7,38.2,-1.5,-0.17,11.7,-48.9,72.2,2.76,0,4,-15.4,39.8,26,0.6,7.3
20,64,25,36,39.1,-3.1,-0.31,11.5,-57.1,80.1,2.73,0,3,-7.8,86.3,22,-2.4,1.3
20,65,23,39.1,39.5,-0.4,-0.04,21.2,-52.1,94.5,2.72,0,3,-7.8,86.3,20,0.7,11.4
21,35,56,37.5,32.4,5.1,0.81,91.5,-4.5,187.4,3.97,2,10,20,309.3,46,1.8,44.1
21,36,56,37.5,32.4,5.1,0.81,91.5,-4.5,187.4,3.97,2,10,20,309.3,46,1.8,44.1
21,37,56,37.5,32.4,5.1,0.81,91.5,-4.5,187.4,3.97,2,10,20,309.3,46,1.8,44.1
21,38,56,37.5,32.4,5.1,0.81,91.5,-4.5,187.4,3.97,2,10,20,309.3,46,1.8,44.1
21,39,56,37.5,32.4,5.1,0.81,91.5,-4.5,187.4,3.97,2,10,20,309.3,46,1.8,44.1
21,40,56,37.5,32.4,5.1,0.81,91.5,-4.5,187.4,3.97,2,10,20,309.3,46,1.8,44.1
21,41,56,37.5,32.4,5.1,0.81,91.5,-4.5,187.4,3.97,2,10,20,309.3,46,1.8,44.1
21,42,56,37.5,32.4,5.1,0.81,91.5,-4.5,187.4,3.97,2,10,20,309.3,46,1.8,44.1
21,43,55,38.2,32.7,5.5,0.87,95,-2.5,192.4,3.94,2,10,20,309.3,45,2.3,47.3
21,44,54,38.9,32.9,5.9,0.93,98.6,-0.4,197.6,3.92,2,9,24.3,354.8,45,2.3,47.3
21,45,54,38.9,32.9,5.9,0.93,98.6,-0.4,197.6,3.92,2,9,24.3,354.8,45,2.3,47.3
21,46,53,37.7,33.5,4.2,0.66,58.9,-3.6,121.5,3.56,2,8,15.3,124.1,45,2.3,47.3
21,47,53,37.7,33.5,4.2,0.66,58.9,-3.6,121.5,3.56,2,8,15.3,124.1,45,2.3,47.3
21,48,53,37.7,33.5,4.2,0.66,58.9,-3.6,121.5,3.56,2,8,15.3,124.1,45,2.3,47.3
21,49,53,37.7,33.5,4.2,0.66,58.9,-3.6,121.5,3.56,2,8,15.3,124.1,45,2.3,47.3
21,50,52,38.5,33.7,4.8,0.73,62,-1.5,125.4,3.54,2,8,15.3,124.1,44,2.9,50.7
21,51,52,38.5,33.7,4.8,0.73,62,-1.5,125.4,3.54,2,8,15.3,124.1,44,2.9,50.7
21,52,52,38.5,33.7,4.8,0.73,62,-1.5,125.4,3.54,2,8,15.3,124.1,44,2.9,50.7
21,53,51,39.2,33.8,5.4,0.82,65.2,0.8,129.6,3.54,1,8,15.3,124.1,43,3.6,54.2
21,54,49,38.8,34,4.7,0.7,65,-1.4,131.3,3.47,1,7,21.5,156.1,42,1.9,49.8
21,55,47,40.4,34.3,6.1,0.88,72,3.5,140.5,3.47,1,7,21.5,156.1,40,3.4,57.3
21,56,44,38.6,34.7,3.9,0.54,61.5,-8,131,3.42,1,6,12.7,136.3,38,2.5,49.7
21,57,43,37.2,34.9,2.3,0.31,46,-18,110.1,3.3,1,6,12.7,136.3,37,0.6,31.4
21,58,43,37.2,34.9,2.3,0.31,46,-18,110.1,3.3,1,6,12.7,136.3,37,0.6,31.4
21,59,39,38.5,35.3,3.2,0.42,48.8,-18.6,116.2,3.29,1,6,12.7,136.3,33,1.5,32.8
21,60,35,37.1,36,1.1,0.14,32.2,-32.9,97.3,3.13,1,5,1.2,70.6,30,1.1,25.8
21,61,33,36.4,36.7,-0.4,-0.04,20.4,-40.5,81.2,3.03,0,5,1.2,70.6,28,-0.6,11.4
21,62,29,34.5,37.4,-2.9,-0.32,10.4,-52.2,73,2.86,0,4,-15.4,39.8,25,-0.9,5.7
21,63,27,37,37.6,-0.5,-0.06,18.6,-47.7,84.9,2.87,0,4,-15.4,39.8,23,2.1,14.9
21,64,22,36.4,38.5,-2.1,-0.2,20,-56.7,96.6,2.86,0,3,-7.8,86.3,19,-1.2,9.5
21,65,20,40,38.9,1.1,0.1,31.9,-50.7,114.6,2.86,0,3,-7.8,86.3,17,2.7,22.4
22,35,45,42.2,32.1,10.1,1.45,126.9,10.6,243.2,4.09,1,7,44.5,484.7,38,3.7,60.9
22,36,45,42.2,32.1,10.1,1.45,126.9,10.6,243.2,4.09,1,7,44.5,484.7,38,3.7,60.9
22,37,45,42.2,32.1,10.1,1.45,126.9,10.6,243.2,4.09,1,7,44.5,484.7,38,3.7,60.9
22,38,45,42.2,32.1,10.1,1.45,126.9,10.6,243.2,4.09,1,7,44.5,484.7,38,3.7,60.9
22,39,45,42.2,32.1,10.1,1.45,126.9,10.6,243.2,4.09,1,7,44.5,484.7,38,3.7,60.9
22,40,45,42.2,32.1,10.1,1.45,126.9,10.6,243.2,4.09,1,7,44.5,484.7,38,3.7,60.9
22,41,45,42.2,32.1,10.1,1.45,126.9,10.6,243.2,4.09,1,7,44.5,484.7,38,3.7,60.9
22,42,45,42.2,32.1,10.1,1.45,126.9,10.6,243.2,4.09,1,7,44.5,484.7,38,3.7,60.9
22,43,45,42.2,32.1,10.1,1.45,126.9,10.6,243.2,4.09,1,7,44.5,484.7,38,3.7,60.9
22,44,44,43.2,32.5,10.7,1.52,132,13.5,250.6,4.07,1,6,54.9,582.2,38,3.7,60.9
22,45,44,43.2,32.5,10.7,1.52,132,13.5,250.6,4.07,1,6,54.9,582.2,38,3.7,60.9
22,46,43,41.9,33.1,8.7,1.22,83.9,10.4,157.5,3.62,1,5,46.6,258.6,38,3.7,60.9
22,47,43,41.9,33.1,8.7,1.22,83.9,10.4,157.5,3.62,1,5,46.6,258.6,38,3.7,60.9
22,48,43,41.9,33.1,8.7,1.22,83.9,10.4,157.5,3.62,1,5,46.6,258.6,38,3.7,60.9
22,49,43,41.9,33.1,8.7,1.22,83.9,10.4,157.5,3.62,1,5,46.6,258.6,38,3.7,60.9
22,50,42,42.9,33.4,9.5,1.3,88.3,13.5,163.1,3.61,1,5,46.6,258.6,37,4.5,65.3
22,51,42,42.9,33.4,9.5,1.3,88.3,13.5,163.1,3.61,1,5,46.6,258.6,37,4.5,65.3
22,52,42,42.9,33.4,9.5,1.3,88.3,13.5,163.1,3.61,1,5,46.6,258.6,37,4.5,65.3
22,53,42,42.9,33.4,9.5,1.3,88.3,13.5,163.1,3.61,1,5,46.6,258.6,37,4.5,65.3
22,54,42,42.9,33.4,9.5,1.3,88.3,13.5,163.1,3.61,1,5,46.6,258.6,37,4.5,65.3
22,55,41,43.9,33.5,10.4,1.41,92.9,16.8,169,3.61,1,5,46.6,258.6,36,5.3,69.9
22,56,39,41,33.9,7.1,0.94,77.7,1.1,154.3,3.54,1,4,39.6,254.5,35,3.4,57.5
22,57,38,39.5,34.1,5.4,0.7,60.7,-10.1,131.4,3.42,1,4,39.6,254.5,34,1.3,37.9
22,58,38,39.5,34.1,5.4,0.7,60.7,-10.1,131.4,3.42,1,4,39.6,254.5,34,1.3,37.9
22,59,35,40,34.3,5.7,0.71,60.8,-12.8,134.4,3.4,1,4,39.6,254.5,31,1.3,35.8
22,60,31,38.7,35,3.7,0.43,43.6,-28.3,115.6,3.24,1,3,29.5,184.3,28,0.9,28.6
22,61,29,37.9,35.8,2.2,0.24,31,-36.7,98.6,3.13,0,3,29.5,184.3,26,-1,13.3
22,62,25,36,36.4,-0.4,-0.04,21.1,-49.8,92,2.96,0,2,10.5,179.5,23,-1.3,7.3
22,63,24,37.5,36.5,1,0.1,26.2,-47,99.4,2.96,0,2,10.5,179.5,22,0.1,12.2
22,64,20,35,37.3,-2.3,-0.21,23.3,-60.2,106.7,2.95,0,2,10.5,179.5,18,-3.7,5.9
22,65,18,38.9,37.7,1.2,0.11,36.9,-53.8,127.7,2.96,0,2,10.5,179.5,16,0,19.1
23,35,41,43.9,32.3,11.6,1.59,142.8,16.6,269.1,4.15,1,6,54.9,582.2,35,4.2,67.5
23,36,41,43.9,32.3,11.6,1.59,142.8,16.6,269.1,4.15,1,6,54.9,582.2,35,4.2,67.5
23,37,41,43.9,32.3,11.6,1.59,142.8,16.6,269.1,4.15,1,6,54.9,582.2,35,4.2,67.5
23,38,41,43.9,32.3,11.6,1.59,142.8,16.6,269.1,4.15,1,6,54.9,582.2,35,4.2,67.5
23,39,41,43.9,32.3,11.6,1.59,142.8,16.6,269.1,4.15,1,6,54.9,582.2,35,4.2,67.5
23,40,41,43.9,32.3,11.6,1.59,142.8,16.6,269.1,4.15,1,6,54.9,582.2,35,4.2,67.5
23,41,41,43.9,32.3,11.6,1.59,142.8,16.6,269.1,4.15,1,6,54.9,582.2,35,4.2,67.5
23,42,41,43.9,32.3,11.6,1.59,142.8,16.6,269.1,4.15,1,6,54.9,582.2,35,4.2,67.5
23,43,41,43.9,32.3,11.6,1.59,142.8,16.6,269.1,4.15,1,6,54.9,582.2,35,4.2,67.5
23,44,41,43.9,32.3,11.6,1.59,142.8,16.6,269.1,4.15,1,6,54.9,582.2,35,4.2,67.5
23,45,41,43.9,32.3,11.6,1.59,142.8,16.6,269.1,4.15,1,6,54.9,582.2,35,4.2,67.5
23,46,40,42.5,33,9.5,1.28,91.4,13.4,169.4,3.68,1,5,46.6,258.6,35,4.2,67.5
23,47,40,42.5,33,9.5,1.28,91.4,13.4,169.4,3.68,1,5,46.6,258.6,35,4.2,67.5
23,48,40,42.5,33,9.5,1.28,91.4,13.4,169.4,3.68,1,5,46.6,258.6,35,4.2,67.5
23,49,40,42.5,33,9.5,1.28,91.4,13.4,169.4,3.68,1,5,46.6,258.6,35,4.2,67.5
23,50,39,43.6,33.3,10.3,1.37,96.3,16.9,175.7,3.67,1,5,46.6,258.6,34,5,72.4
23,51,39,43.6,33.3,10.3,1.37,96.3,16.9,175.7,3.67,1,5,46.6,258.6,34,5,72.4
23,52,39,43.6,33.3,10.3,1.37,96.3,16.9,175.7,3.67,1,5,46.6,258.6,34,5,72.4
23,53,39,43.6,33.3,10.3,1.37,96.3,16.9,175.7,3.67,1,5,46.6,258.6,34,5,72.4
23,54,39,43.6,33.3,10.3,1.37,96.3,16.9,175.7,3.67,1,5,46.6,258.6,34,5,72.4
23,55,38,44.7,33.4,11.3,1.48,101.5,20.6,182.3,3.67,1,5,46.6,258.6,33,6,77.7
23,56,36,41.7,33.8,7.9,1,85.5,3.8,167.2,3.6,1,4,39.6,254.5,32,3.9,64.4
23,57,35,40,34,6,0.75,67.2,-8.4,142.8,3.47,1,4,39.6,254.5,31,1.6,43.1
23,58,35,40,34,6,0.75,67.2,-8.4,142.8,3.47,1,4,39.6,254.5,31,1.6,43.1
23,59,33,39.4,34.2,5.2,0.63,62.9,-14.5,140.3,3.44,1,4,39.6,254.5,29,0.4,36.4
23,60,29,37.9,34.9,3,0.34,44.8,-31.2,120.8,3.27,1,3,29.5,184.3,26,-0.1,28.7
23,61,28,35.7,35.7,0,0,26.6,-42.9,96.2,3.16,0,3,29.5,184.3,25,-3.5,7.7
23,62,24,33.3,36.3,-3,-0.3,15.6,-57.4,88.7,2.98,0,2,10.5,179.5,22,-4.2,0.7
23,63,23,34.8,36.4,-1.6,-0.16,20.7,-55,96.3,2.98,0,2,10.5,179.5,21,-2.8,5.5
23,64,19,31.6,37.3,-5.7,-0.51,16.4,-70.4,103.3,2.97,0,2,10.5,179.5,17,-7.6,-2.8
23,65,17,35.3,37.6,-2.4,-0.2,30.1,-65.1,125.3,2.98,0,2,10.5,179.5,15,-4.1,10.2
24,35,32,50,31.2,18.8,2.3,195.8,39.6,352,4.55,1,5,75.7,718.6,27,8.3,99
24,36,32,50,31.2,18.8,2.3,195.8,39.6,352,4.55,1,5,75.7,718.6,27,8.3,99
24,37,32,50,31.2,18.8,2.3,195.8,39.6,352,4.55,1,5,75.7,718.6,27,8.3,99
24,38,32,50,31.2,18.8,2.3,195.8,39.6,352,4.55,1,5,75.7,718.6,27,8.3,99
24,39,32,50,31.2,18.8,2.3,195.8,39.6,352,4.55,1,5,75.7,718.6,27,8.3,99
24,40,32,50,31.2,18.8,2.3,195.8,39.6,352,4.55,1,5,75.7,718.6,27,8.3,99
24,41,32,50,31.2,18.8,2.3,195.8,39.6,352,4.55,1,5,75.7,718.6,27,8.3,99
24,42,32,50,31.2,18.8,2.3,195.8,39.6,352,4.55,1,5,75.7,718.6,27,8.3,99
24,43,32,50,31.2,18.8,2.3,195.8,39.6,352,4.55,1,5,75.7,718.6,27,8.3,99
24,44,32,50,31.2,18.8,2.3,195.8,39.6,352,4.55,1,5,75.7,718.6,27,8.3,99
24,45,32,50,31.2,18.8,2.3,195.8,39.6,352,4.55,1,5,75.7,718.6,27,8.3,99
24,46,31,48.4,32,16.3,1.95,131.2,36.8,225.5,3.95,1,4,70.6,348.3,27,8.3,99
24,47,31,48.4,32,16.3,1.95,131.2,36.8,225.5,3.95,1,4,70.6,348.3,27,8.3,99
24,48,31,48.4,32,16.3,1.95,131.2,36.8,225.5,3.95,1,4,70.6,348.3,27,8.3,99
24,49,31,48.4,32,16.3,1.95,131.2,36.8,225.5,3.95,1,4,70.6,348.3,27,8.3,99
24,50,31,48.4,32,16.3,1.95,131.2,36.8,225.5,3.95,1,4,70.6,348.3,27,8.3,99
24,51,31,48.4,32,16.3,1.95,131.2,36.8,225.5,3.95,1,4,70.6,348.3,27,8.3,99
24,52,31,48.4,32,16.3,1.95,131.2,36.8,225.5,3.95,1,4,70.6,348.3,27,8.3,99
24,53,31,48.4,32,16.3,1.95,131.2,36.8,225.5,3.95,1,4,70.6,348.3,27,8.3,99
24,54,31,48.4,32,16.3,1.95,131.2,36.8,225.5,3.95,1,4,70.6,348.3,27,8.3,99
24,55,31,48.4,32,16.3,1.95,131.2,36.8,225.5,3.95,1,4,70.6,348.3,27,8.3,99
24,56,29,44.8,32.4,12.4,1.43,113.4,16.4,210.4,3.89,1,3,69.2,372.7,26,5.8,83.5
24,57,28,42.9,32.6,10.2,1.15,91.5,1.4,181.7,3.73,1,3,69.2,372.7,25,3.1,57.8
24,58,28,42.9,32.6,10.2,1.15,91.5,1.4,181.7,3.73,1,3,69.2,372.7,25,3.1,57.8
24,59,27,40.7,32.7,8,0.89,80.9,-10.1,172,3.69,1,3,69.2,372.7,24,0.4,44.5
24,60,23,39.1,33.4,5.7,0.58,61.3,-30.5,153.1,3.53,1,2,68.8,326.5,21,-0.3,36
24,61,22,36.4,34.2,2.1,0.21,38.9,-45.4,123.2,3.39,0,2,68.8,326.5,20,-4.5,10.1
24,62,18,33.3,34.7,-1.4,-0.13,26.9,-65.2,119,3.21,0,1,70.1,459,17,-5.6,1.5
24,63,17,35.3,34.8,0.5,0.04,34.4,-62,130.9,3.22,0,1,70.1,459,16,-3.9,7.9
24,64,15,33.3,35.5,-2.2,-0.18,33.3,-73,139.5,3.2,0,1,70.1,459,14,-7.4,2.9
24,65,13,38.5,35.8,2.7,0.2,53.8,-65.4,172.9,3.26,0,1,70.1,459,12,-3,20
25,35,24,45.8,30.1,15.7,1.68,205.4,3.1,407.6,4.86,1,4,77.7,849.7,20,3.3,76.5
25,36,24,45.8,30.1,15.7,1.68,205.4,3.1,407.6,4.86,1,4,77.7,849.7,20,3.3,76.5
25,37,24,45.8,30.1,15.7,1.68,205.4,3.1,407.6,4.86,1,4,77.7,849.7,20,3.3,76.5
25,38,24,45.8,30.1,15.7,1.68,205.4,3.1,407.6,4.86,1,4,77.7,849.7,20,3.3,76.5
25,39,24,45.8,30.1,15.7,1.68,205.4,3.1,407.6,4.86,1,4,77.7,849.7,20,3.3,76.5
25,40,24,45.8,30.1,15.7,1.68,205.4,3.1,407.6,4.86,1,4,77.7,849.7,20,3.3,76.5
25,41,24,45.8,30.1,15.7,1.68,205.4,3.1,407.6,4.86,1,4,77.7,849.7,20,3.3,76.5
25,42,24,45.8,30.1,15.7,1.68,205.4,3.1,407.6,4.86,1,4,77.7,849.7,20,3.3,76.5
25,43,24,45.8,30.1,15.7,1.68,205.4,3.1,407.6,4.86,1,4,77.7,849.7,20,3.3,76.5
25,44,24,45.8,30.1,15.7,1.68,205.4,3.1,407.6,4.86,1,4,77.7,849.7,20,3.3,76.5
25,45,24,45.8,30.1,15.7,1.68,205.4,3.1,407.6,4.86,1,4,77.7,849.7,20,3.3,76.5
25,46,23,43.5,31.3,12.2,1.26,118.7,4.2,233.1,4.07,1,3,71.6,399.7,20,3.3,76.5
25,47,23,43.5,31.3,12.2,1.26,118.7,4.2,233.1,4.07,1,3,71.6,399.7,20,3.3,76.5
25,48,23,43.5,31.3,12.2,1.26,118.7,4.2,233.1,4.07,1,3,71.6,399.7,20,3.3,76.5
25,49,23,43.5,31.3,12.2,1.26,118.7,4.2,233.1,4.07,1,3,71.6,399.7,20,3.3,76.5
25,50,23,43.5,31.3,12.2,1.26,118.7,4.2,233.1,4.07,1,3,71.6,399.7,20,3.3,76.5
25,51,23,43.5,31.3,12.2,1.26,118.7,4.2,233.1,4.07,1,3,71.6,399.7,20,3.3,76.5
25,52,23,43.5,31.3,12.2,1.26,118.7,4.2,233.1,4.07,1,3,71.6,399.7,20,3.3,76.5
25,53,23,43.5,31.3,12.2,1.26,118.7,4.2,233.1,4.07,1,3,71.6,399.7,20,3.3,76.5
25,54,23,43.5,31.3,12.2,1.26,118.7,4.2,233.1,4.07,1,3,71.6,399.7,20,3.3,76.5
25,55,23,43.5,31.3,12.2,1.26,118.7,4.2,233.1,4.07,1,3,71.6,399.7,20,3.3,76.5
25,56,22,40.9,31.5,9.4,0.95,111.5,-7.4,230.5,4.09,1,2,70.1,462,20,3.3,76.5
25,57,21,38.1,31.8,6.3,0.62,82.3,-27,191.6,3.89,1,2,70.1,462,19,-0.4,42.4
25,58,21,38.1,31.8,6.3,0.62,82.3,-27,191.6,3.89,1,2,70.1,462,19,-0.4,42.4
25,59,21,38.1,31.8,6.3,0.62,82.3,-27,191.6,3.89,1,2,70.1,462,19,-0.4,42.4
25,60,17,35.3,32.4,2.9,0.25,56.1,-56.5,168.8,3.71,0,1,70.1,459,16,-1.3,30.9
25,61,16,31.3,33.5,-2.3,-0.19,24.9,-75.8,125.7,3.53,0,1,70.1,459,15,-7.1,-4
25,62,14,35.7,33.9,1.9,0.15,42.8,-69.6,155.2,3.38,0,1,70.1,459,13,-3.4,10.8
25,63,14,35.7,33.9,1.9,0.15,42.8,-69.6,155.2,3.38,0,1,70.1,459,13,-3.4,10.8
25,64,13,38.5,34.5,3.9,0.3,53.8,-65.4,172.9,3.34,0,1,70.1,459,12,-1.6,20
25,65,11,45.5,34.6,10.8,0.75,81.7,-53.1,216.6,3.43,0,1,70.1,459,10,4.9,44
26,35,17,47.1,28.8,18.2,1.66,247.5,-26.4,521.3,5.34,0,3,80.2,978,14,4.9,90.9
26,36,17,47.1,28.8,18.2,1.66,247.5,-26.4,521.3,5.34,0,3,80.2,978,14,4.9,90.9
26,37,17,47.1,28.8,18.2,1.66,247.5,-26.4,521.3,5.34,0,3,80.2,978,14,4.9,90.9
26,38,17,47.1,28.8,18.2,1.66,247.5,-26.4,521.3,5.34,0,3,80.2,978,14,4.9,90.9
26,39,17,47.1,28.8,18.2,1.66,247.5,-26.4,521.3,5.34,0,3,80.2,978,14,4.9,90.9
26,40,17,47.1,28.8,18.2,1.66,247.5,-26.4,521.3,5.34,0,3,80.2,978,14,4.9,90.9
26,41,17,47.1,28.8,18.2,1.66,247.5,-26.4,521.3,5.34,0,3,80.2,978,14,4.9,90.9
26,42,17,47.1,28.8,18.2,1.66,247.5,-26.4,521.3,5.34,0,3,80.2,978,14,4.9,90.9
26,43,17,47.1,28.8,18.2,1.66,247.5,-26.4,521.3,5.34,0,3,80.2,978,14,4.9,90.9
26,44,17,47.1,28.8,18.2,1.66,247.5,-26.4,521.3,5.34,0,3,80.2,978,14,4.9,90.9
26,45,17,47.1,28.8,18.2,1.66,247.5,-26.4,521.3,5.34,0,3,80.2,978,14,4.9,90.9
26,46,16,43.8,30.4,13.3,1.16,125.4,-16.6,267.5,4.24,0,2,72.3,367,14,4.9,90.9
26,47,16,43.8,30.4,13.3,1.16,125.4,-16.6,267.5,4.24,0,2,72.3,367,14,4.9,90.9
26,48,16,43.8,30.4,13.3,1.16,125.4,-16.6,267.5,4.24,0,2,72.3,367,14,4.9,90.9
26,49,16,43.8,30.4,13.3,1.16,125.4,-16.6,267.5,4.24,0,2,72.3,367,14,4.9,90.9
26,50,16,43.8,30.4,13.3,1.16,125.4,-16.6,267.5,4.24,0,2,72.3,367,14,4.9,90.9
26,51,16,43.8,30.4,13.3,1.16,125.4,-16.6,267.5,4.24,0,2,72.3,367,14,4.9,90.9
26,52,16,43.8,30.4,13.3,1.16,125.4,-16.6,267.5,4.24,0,2,72.3,367,14,4.9,90.9
26,53,16,43.8,30.4,13.3,1.16,125.4,-16.6,267.5,4.24,0,2,72.3,367,14,4.9,90.9
26,54,16,43.8,30.4,13.3,1.16,125.4,-16.6,267.5,4.24,0,2,72.3,367,14,4.9,90.9
26,55,16,43.8,30.4,13.3,1.16,125.4,-16.6,267.5,4.24,0,2,72.3,367,14,4.9,90.9
26,56,15,40,30.7,9.3,0.78,115.5,-34.9,265.8,4.27,0,1,70.1,459,14,4.9,90.9
26,57,14,35.7,31,4.7,0.38,71.9,-61.1,204.9,3.99,0,1,70.1,459,13,-0.3,42.2
26,58,14,35.7,31,4.7,0.38,71.9,-61.1,204.9,3.99,0,1,70.1,459,13,-0.3,42.2
26,59,14,35.7,31,4.7,0.38,71.9,-61.1,204.9,3.99,0,1,70.1,459,13,-0.3,42.2
26,60,13,38.5,31.4,7.1,0.55,85.2,-55.7,226.1,4.01,0,1,70.1,459,12,1.8,54
26,61,12,33.3,32.8,0.6,0.04,46,-82.5,174.5,3.8,0,1,70.1,459,11,-5.8,8.5
26,62,11,36.4,33,3.4,0.24,59.3,-78.5,197.1,3.59,0,1,70.1,459,10,-3.3,19.3
26,63,11,36.4,33,3.4,0.24,59.3,-78.5,197.1,3.59,0,1,70.1,459,10,-3.3,19.3
26,64,10,40,33.7,6.3,0.42,75.2,-73.2,223.6,3.56,0,1,70.1,459,9,-0.8,32.6
26,65,9,44.4,33.8,10.6,0.67,94.7,-65.7,255,3.63,0,1,70.1,459,8,3.2,49.1
27,35,14,42.9,29.1,13.7,1.13,236.2,-87.3,559.8,5.19,0,2,83.1,1329.5,12,2.2,54
27,36,14,42.9,29.1,13.7,1.13,236.2,-87.3,559.8,5.19,0,2,83.1,1329.5,12,2.2,54
27,37,14,42.9,29.1,13.7,1.13,236.2,-87.3,559.8,5.19,0,2,83.1,1329.5,12,2.2,54
27,38,14,42.9,29.1,13.7,1.13,236.2,-87.3,559.8,5.19,0,2,83.1,1329.5,12,2.2,54
27,39,14,42.9,29.1,13.7,1.13,236.2,-87.3,559.8,5.19,0,2,83.1,1329.5,12,2.2,54
27,40,14,42.9,29.1,13.7,1.13,236.2,-87.3,559.8,5.19,0,2,83.1,1329.5,12,2.2,54
27,41,14,42.9,29.1,13.7,1.13,236.2,-87.3,559.8,5.19,0,2,83.1,1329.5,12,2.2,54
27,42,14,42.9,29.1,13.7,1.13,236.2,-87.3,559.8,5.19,0,2,83.1,1329.5,12,2.2,54
27,43,14,42.9,29.1,13.7,1.13,236.2,-87.3,559.8,5.19,0,2,83.1,1329.5,12,2.2,54
27,44,14,42.9,29.1,13.7,1.13,236.2,-87.3,559.8,5.19,0,2,83.1,1329.5,12,2.2,54
27,45,14,42.9,29.1,13.7,1.13,236.2,-87.3,559.8,5.19,0,2,83.1,1329.5,12,2.2,54
27,46,13,38.5,31.1,7.4,0.58,85.2,-55.7,226.1,3.82,0,1,70.1,459,12,2.2,54
27,47,13,38.5,31.1,7.4,0.58,85.2,-55.7,226.1,3.82,0,1,70.1,459,12,2.2,54
27,48,13,38.5,31.1,7.4,0.58,85.2,-55.7,226.1,3.82,0,1,70.1,459,12,2.2,54
27,49,13,38.5,31.1,7.4,0.58,85.2,-55.7,226.1,3.82,0,1,70.1,459,12,2.2,54
27,50,13,38.5,31.1,7.4,0.58,85.2,-55.7,226.1,3.82,0,1,70.1,459,12,2.2,54
27,51,13,38.5,31.1,7.4,0.58,85.2,-55.7,226.1,3.82,0,1,70.1,459,12,2.2,54
27,52,13,38.5,31.1,7.4,0.58,85.2,-55.7,226.1,3.82,0,1,70.1,459,12,2.2,54
27,53,13,38.5,31.1,7.4,0.58,85.2,-55.7,226.1,3.82,0,1,70.1,459,12,2.2,54
27,54,13,38.5,31.1,7.4,0.58,85.2,-55.7,226.1,3.82,0,1,70.1,459,12,2.2,54
27,55,13,38.5,31.1,7.4,0.58,85.2,-55.7,226.1,3.82,0,1,70.1,459,12,2.2,54
27,56,13,38.5,31.1,7.4,0.58,85.2,-55.7,226.1,3.82,0,1,70.1,459,12,2.2,54
27,57,13,38.5,31.1,7.4,0.58,85.2,-55.7,226.1,3.82,0,1,70.1,459,12,2.2,54
27,58,13,38.5,31.1,7.4,0.58,85.2,-55.7,226.1,3.82,0,1,70.1,459,12,2.2,54
27,59,13,38.5,31.1,7.4,0.58,85.2,-55.7,226.1,3.82,0,1,70.1,459,12,2.2,54
27,60,12,41.7,31.5,10.2,0.76,100.6,-49,250.2,3.83,0,1,70.1,459,11,4.8,68
27,61,11,36.4,33,3.4,0.24,59.3,-78.5,197.1,3.59,0,1,70.1,459,10,-3.3,19.3
27,62,11,36.4,33,3.4,0.24,59.3,-78.5,197.1,3.59,0,1,70.1,459,10,-3.3,19.3
27,63,11,36.4,33,3.4,0.24,59.3,-78.5,197.1,3.59,0,1,70.1,459,10,-3.3,19.3
27,64,10,40,33.7,6.3,0.42,75.2,-73.2,223.6,3.56,0,1,70.1,459,9,-0.8,32.6
27,65,9,44.4,33.8,10.6,0.67,94.7,-65.7,255,3.63,0,1,70.1,459,8,3.2,49.1
28,35,10,50,26.1,23.9,1.72,346.3,-91.5,784.1,6.28,0,2,83.1,1329.5,8,9.1,100.5
28,36,10,50,26.1,23.9,1.72,346.3,-91.5,784.1,6.28,0,2,83.1,1329.5,8,9.1,100.5
28,37,10,50,26.1,23.9,1.72,346.3,-91.5,784.1,6.28,0,2,83.1,1329.5,8,9.1,100.5
28,38,10,50,26.1,23.9,1.72,346.3,-91.5,784.1,6.28,0,2,83.1,1329.5,8,9.1,100.5
28,39,10,50,26.1,23.9,1.72,346.3,-91.5,784.1,6.28,0,2,83.1,1329.5,8,9.1,100.5
28,40,10,50,26.1,23.9,1.72,346.3,-91.5,784.1,6.28,0,2,83.1,1329.5,8,9.1,100.5
28,41,10,50,26.1,23.9,1.72,346.3,-91.5,784.1,6.28,0,2,83.1,1329.5,8,9.1,100.5
28,42,10,50,26.1,23.9,1.72,346.3,-91.5,784.1,6.28,0,2,83.1,1329.5,8,9.1,100.5
28,43,10,50,26.1,23.9,1.72,346.3,-91.5,784.1,6.28,0,2,83.1,1329.5,8,9.1,100.5
28,44,10,50,26.1,23.9,1.72,346.3,-91.5,784.1,6.28,0,2,83.1,1329.5,8,9.1,100.5
28,45,10,50,26.1,23.9,1.72,346.3,-91.5,784.1,6.28,0,2,83.1,1329.5,8,9.1,100.5
28,46,9,44.4,28.6,15.8,1.05,140.3,-49.1,329.8,4.42,0,1,70.1,459,8,9.1,100.5
28,47,9,44.4,28.6,15.8,1.05,140.3,-49.1,329.8,4.42,0,1,70.1,459,8,9.1,100.5
28,48,9,44.4,28.6,15.8,1.05,140.3,-49.1,329.8,4.42,0,1,70.1,459,8,9.1,100.5
28,49,9,44.4,28.6,15.8,1.05,140.3,-49.1,329.8,4.42,0,1,70.1,459,8,9.1,100.5
28,50,9,44.4,28.6,15.8,1.05,140.3,-49.1,329.8,4.42,0,1,70.1,459,8,9.1,100.5
28,51,9,44.4,28.6,15.8,1.05,140.3,-49.1,329.8,4.42,0,1,70.1,459,8,9.1,100.5
28,52,9,44.4,28.6,15.8,1.05,140.3,-49.1,329.8,4.42,0,1,70.1,459,8,9.1,100.5
28,53,9,44.4,28.6,15.8,1.05,140.3,-49.1,329.8,4.42,0,1,70.1,459,8,9.1,100.5
28,54,9,44.4,28.6,15.8,1.05,140.3,-49.1,329.8,4.42,0,1,70.1,459,8,9.1,100.5
28,55,9,44.4,28.6,15.8,1.05,140.3,-49.1,329.8,4.42,0,1,70.1,459,8,9.1,100.5
28,56,9,44.4,28.6,15.8,1.05,140.3,-49.1,329.8,4.42,0,1,70.1,459,8,9.1,100.5
28,57,9,44.4,28.6,15.8,1.05,140.3,-49.1,329.8,4.42,0,1,70.1,459,8,9.1,100.5
28,58,9,44.4,28.6,15.8,1.05,140.3,-49.1,329.8,4.42,0,1,70.1,459,8,9.1,100.5
28,59,9,44.4,28.6,15.8,1.05,140.3,-49.1,329.8,4.42,0,1,70.1,459,8,9.1,100.5
28,60,8,50,28.9,21.1,1.32,170.4,-33.8,374.5,4.52,0,1,70.1,459,7,14.1,129.1
28,61,7,42.9,30.9,12,0.68,115.4,-84.8,315.7,4.23,0,1,70.1,459,6,2.3,58.2
28,62,7,42.9,30.9,12,0.68,115.4,-84.8,315.7,4.23,0,1,70.1,459,6,2.3,58.2
28,63,7,42.9,30.9,12,0.68,115.4,-84.8,315.7,4.23,0,1,70.1,459,6,2.3,58.2
28,64,6,50,31.8,18.2,0.95,151.3,-70.5,373.2,4.3,0,1,70.1,459,5,7.8,89.8
28,65,6,50,31.8,18.2,0.95,151.3,-70.5,373.2,4.3,0,1,70.1,459,5,7.8,89.8
29,35,10,50,26.1,23.9,1.72,346.3,-91.5,784.1,6.28,0,2,83.1,1329.5,8,9.1,100.5
29,36,10,50,26.1,23.9,1.72,346.3,-91.5,784.1,6.28,0,2,83.1,1329.5,8,9.1,100.5
29,37,10,50,26.1,23.9,1.72,346.3,-91.5,784.1,6.28,0,2,83.1,1329.5,8,9.1,100.5
29,38,10,50,26.1,23.9,1.72,346.3,-91.5,784.1,6.28,0,2,83.1,1329.5,8,9.1,100.5
29,39,10,50,26.1,23.9,1.72,346.3,-91.5,784.1,6.28,0,2,83.1,1329.5,8,9.1,100.5
29,40,10,50,26.1,23.9,1.72,346.3,-91.5,784.1,6.28,0,2,83.1,1329.5,8,9.1,100.5
29,41,10,50,26.1,23.9,1.72,346.3,-91.5,784.1,6.28,0,2,83.1,1329.5,8,9.1,100.5
29,42,10,50,26.1,23.9,1.72,346.3,-91.5,784.1,6.28,0,2,83.1,1329.5,8,9.1,100.5
29,43,10,50,26.1,23.9,1.72,346.3,-91.5,784.1,6.28,0,2,83.1,1329.5,8,9.1,100.5
29,44,10,50,26.1,23.9,1.72,346.3,-91.5,784.1,6.28,0,2,83.1,1329.5,8,9.1,100.5
29,45,10,50,26.1,23.9,1.72,346.3,-91.5,784.1,6.28,0,2,83.1,1329.5,8,9.1,100.5
29,46,9,44.4,28.6,15.8,1.05,140.3,-49.1,329.8,4.42,0,1,70.1,459,8,9.1,100.5
29,47,9,44.4,28.6,15.8,1.05,140.3,-49.1,329.8,4.42,0,1,70.1,459,8,9.1,100.5
29,48,9,44.4,28.6,15.8,1.05,140.3,-49.1,329.8,4.42,0,1,70.1,459,8,9.1,100.5
29,49,9,44.4,28.6,15.8,1.05,140.3,-49.1,329.8,4.42,0,1,70.1,459,8,9.1,100.5
29,50,9,44.4,28.6,15.8,1.05,140.3,-49.1,329.8,4.42,0,1,70.1,459,8,9.1,100.5
29,51,9,44.4,28.6,15.8,1.05,140.3,-49.1,329.8,4.42,0,1,70.1,459,8,9.1,100.5
29,52,9,44.4,28.6,15.8,1.05,140.3,-49.1,329.8,4.42,0,1,70.1,459,8,9.1,100.5
29,53,9,44.4,28.6,15.8,1.05,140.3,-49.1,329.8,4.42,0,1,70.1,459,8,9.1,100.5
29,54,9,44.4,28.6,15.8,1.05,140.3,-49.1,329.8,4.42,0,1,70.1,459,8,9.1,100.5
29,55,9,44.4,28.6,15.8,1.05,140.3,-49.1,329.8,4.42,0,1,70.1,459,8,9.1,100.5
29,56,9,44.4,28.6,15.8,1.05,140.3,-49.1,329.8,4.42,0,1,70.1,459,8,9.1,100.5
29,57,9,44.4,28.6,15.8,1.05,140.3,-49.1,329.8,4.42,0,1,70.1,459,8,9.1,100.5
29,58,9,44.4,28.6,15.8,1.05,140.3,-49.1,329.8,4.42,0,1,70.1,459,8,9.1,100.5
29,59,9,44.4,28.6,15.8,1.05,140.3,-49.1,329.8,4.42,0,1,70.1,459,8,9.1,100.5
29,60,8,50,28.9,21.1,1.32,170.4,-33.8,374.5,4.52,0,1,70.1,459,7,14.1,129.1
29,61,7,42.9,30.9,12,0.68,115.4,-84.8,315.7,4.23,0,1,70.1,459,6,2.3,58.2
29,62,7,42.9,30.9,12,0.68,115.4,-84.8,315.7,4.23,0,1,70.1,459,6,2.3,58.2
29,63,7,42.9,30.9,12,0.68,115.4,-84.8,315.7,4.23,0,1,70.1,459,6,2.3,58.2
29,64,6,50,31.8,18.2,0.95,151.3,-70.5,373.2,4.3,0,1,70.1,459,5,7.8,89.8
29,65,6,50,31.8,18.2,0.95,151.3,-70.5,373.2,4.3,0,1,70.1,459,5,7.8,89.8
30,35,8,62.5,24.9,37.6,2.46,457.9,-65.5,981.2,7.06,0,2,83.1,1329.5,6,22.5,167.3
30,36,8,62.5,24.9,37.6,2.46,457.9,-65.5,981.2,7.06,0,2,83.1,1329.5,6,22.5,167.3
30,37,8,62.5,24.9,37.6,2.46,457.9,-65.5,981.2,7.06,0,2,83.1,1329.5,6,22.5,167.3
30,38,8,62.5,24.9,37.6,2.46,457.9,-65.5,981.2,7.06,0,2,83.1,1329.5,6,22.5,167.3
30,39,8,62.5,24.9,37.6,2.46,457.9,-65.5,981.2,7.06,0,2,83.1,1329.5,6,22.5,167.3
30,40,8,62.5,24.9,37.6,2.46,457.9,-65.5,981.2,7.06,0,2,83.1,1329.5,6,22.5,167.3
30,41,8,62.5,24.9,37.6,2.46,457.9,-65.5,981.2,7.06,0,2,83.1,1329.5,6,22.5,167.3
30,42,8,62.5,24.9,37.6,2.46,457.9,-65.5,981.2,7.06,0,2,83.1,1329.5,6,22.5,167.3
30,43,8,62.5,24.9,37.6,2.46,457.9,-65.5,981.2,7.06,0,2,83.1,1329.5,6,22.5,167.3
30,44,8,62.5,24.9,37.6,2.46,457.9,-65.5,981.2,7.06,0,2,83.1,1329.5,6,22.5,167.3
30,45,8,62.5,24.9,37.6,2.46,457.9,-65.5,981.2,7.06,0,2,83.1,1329.5,6,22.5,167.3
30,46,7,57.1,27.9,29.3,1.73,209,-9.9,427.9,4.78,0,1,70.1,459,6,22.5,167.3
30,47,7,57.1,27.9,29.3,1.73,209,-9.9,427.9,4.78,0,1,70.1,459,6,22.5,167.3
30,48,7,57.1,27.9,29.3,1.73,209,-9.9,427.9,4.78,0,1,70.1,459,6,22.5,167.3
30,49,7,57.1,27.9,29.3,1.73,209,-9.9,427.9,4.78,0,1,70.1,459,6,22.5,167.3
30,50,7,57.1,27.9,29.3,1.73,209,-9.9,427.9,4.78,0,1,70.1,459,6,22.5,167.3
30,51,7,57.1,27.9,29.3,1.73,209,-9.9,427.9,4.78,0,1,70.1,459,6,22.5,167.3
30,52,7,57.1,27.9,29.3,1.73,209,-9.9,427.9,4.78,0,1,70.1,459,6,22.5,167.3
30,53,7,57.1,27.9,29.3,1.73,209,-9.9,427.9,4.78,0,1,70.1,459,6,22.5,167.3
30,54,7,57.1,27.9,29.3,1.73,209,-9.9,427.9,4.78,0,1,70.1,459,6,22.5,167.3
30,55,7,57.1,27.9,29.3,1.73,209,-9.9,427.9,4.78,0,1,70.1,459,6,22.5,167.3
30,56,7,57.1,27.9,29.3,1.73,209,-9.9,427.9,4.78,0,1,70.1,459,6,22.5,167.3
30,57,7,57.1,27.9,29.3,1.73,209,-9.9,427.9,4.78,0,1,70.1,459,6,22.5,167.3
30,58,7,57.1,27.9,29.3,1.73,209,-9.9,427.9,4.78,0,1,70.1,459,6,22.5,167.3
30,59,7,57.1,27.9,29.3,1.73,209,-9.9,427.9,4.78,0,1,70.1,459,6,22.5,167.3
30,60,7,57.1,27.9,29.3,1.73,209,-9.9,427.9,4.78,0,1,70.1,459,6,22.5,167.3
30,61,6,50,30.1,19.9,1.07,151.3,-70.5,373.2,4.49,0,1,70.1,459,5,9.9,89.8
30,62,6,50,30.1,19.9,1.07,151.3,-70.5,373.2,4.49,0,1,70.1,459,5,9.9,89.8
30,63,6,50,30.1,19.9,1.07,151.3,-70.5,373.2,4.49,0,1,70.1,459,5,9.9,89.8
30,64,5,60,31,29,1.4,201.6,-41.8,445,4.62,0,1,70.1,459,4,18.7,137.3
30,65,5,60,31,29,1.4,201.6,-41.8,445,4.62,0,1,70.1,459,4,18.7,137.3
