edge_floor_pct,prob_floor_pct,window_n,window_roi_pct,window_ci_low,window_ci_high,window_abs_return,window_thin,pre_n,pre_roi_pct,pre_ci_low,pre_ci_high,pre_abs_return,pre_thin
5,35,1515,3.4,-3.7,10.4,50.9,0,3545,0,-4.3,4.3,0.6,0
5,36,1506,3.5,-3.6,10.6,52.9,0,3530,-0.3,-4.6,4,-10.5,0
5,37,1474,3.5,-3.6,10.6,51.6,0,3448,-0.5,-4.8,3.9,-15.9,0
5,38,1417,3.2,-4,10.5,45.9,0,3325,-0.7,-5,3.7,-22.2,0
5,39,1344,4,-3.4,11.4,54.2,0,3171,-1.6,-5.9,2.8,-49.5,0
5,40,1299,5,-2.5,12.5,65,0,3018,-2.2,-6.6,2.2,-66.7,0
5,41,1227,5,-2.6,12.7,61.6,0,2878,-1.8,-6.3,2.7,-51.7,0
5,42,1163,6.1,-1.8,13.9,70.6,0,2752,-2.4,-7,2.1,-66.9,0
5,43,1112,7.3,-0.7,15.4,81.6,0,2595,-1.1,-5.7,3.6,-27.6,0
5,44,1036,7,-1.3,15.3,72.5,0,2461,-1.2,-5.9,3.6,-28.4,0
5,45,981,7.4,-1.1,16,73,0,2329,-1,-5.8,3.9,-22.8,0
5,46,926,5.1,-2.4,12.6,47.4,0,2179,-1.3,-6.3,3.7,-28.5,0
5,47,859,5.2,-2.5,12.8,44.5,0,2042,-2.5,-7.5,2.6,-50.7,0
5,48,805,7.7,-0.2,15.7,62.4,0,1907,-2.1,-7.3,3.1,-40,0
5,49,759,8.5,0.4,16.6,64.7,0,1767,-2.5,-7.8,2.9,-43.7,0
5,50,704,10,1.6,18.3,70.3,0,1651,-2.8,-8.3,2.7,-46,0
5,51,649,5.7,-2.8,14.2,37,0,1520,-1.6,-7.3,4,-25,0
5,52,598,4.6,-4.1,13.3,27.6,0,1410,-0.7,-6.6,5.2,-9.5,0
5,53,547,3.1,-5.9,12.1,17.1,0,1311,0.5,-5.6,6.6,6.2,0
5,54,497,3.5,-5.8,12.8,17.3,0,1202,0.7,-5.6,7.1,8.7,0
5,55,448,5,-4.8,14.8,22.5,0,1098,2,-4.6,8.6,21.5,0
5,56,419,4.2,-5.7,14.2,17.7,0,1011,1.5,-5.3,8.2,15,0
5,57,383,2.8,-7.5,13,10.6,0,924,1.2,-5.6,8,11.1,0
5,58,344,3.4,-7.4,14.2,11.6,0,841,0.4,-6.7,7.5,3.5,0
5,59,312,4.9,-6.1,15.8,15.2,0,769,-1.2,-8.6,6.2,-9.2,0
5,60,286,4.4,-6.7,15.4,12.5,0,711,-1.1,-8.6,6.5,-7.5,0
5,61,261,4.6,-6.8,16,12.1,0,639,-3,-10.7,4.8,-18.9,0
5,62,235,4.1,-7.7,16,9.7,0,578,-2.7,-10.7,5.3,-15.5,0
5,63,205,6.5,-6.1,19.1,13.3,0,511,-3.3,-11.7,5.1,-16.8,0
5,64,182,7.7,-5.4,20.8,14,0,445,-0.9,-9.8,8.1,-3.9,0
5,65,161,9.6,-4.4,23.5,15.4,0,392,-2.3,-11.4,6.8,-8.8,0
6,35,1382,4.2,-3.3,11.7,57.5,0,3229,-0.4,-5,4.1,-13.4,0
6,36,1374,4.3,-3.3,11.8,58.6,0,3215,-0.8,-5.3,3.8,-25.4,0
6,37,1347,4.3,-3.2,11.9,58.2,0,3142,-1.1,-5.6,3.5,-33.7,0
6,38,1295,4.1,-3.6,11.8,53.3,0,3037,-1.3,-5.9,3.3,-40.3,0
6,39,1227,4.8,-3,12.7,59.4,0,2911,-2.2,-6.8,2.4,-63.9,0
6,40,1188,6.1,-1.9,14.1,72.8,0,2775,-2.7,-7.4,1.9,-76,0
6,41,1125,6.1,-2.1,14.2,68.3,0,2652,-2.4,-7.2,2.3,-64.4,0
6,42,1067,7.4,-1,15.8,79.1,0,2537,-3.3,-8.1,1.5,-82.6,0
6,43,1024,8.5,0,17.1,87.2,0,2399,-1.9,-6.8,3.1,-44.4,0
6,44,958,8.1,-0.6,16.9,78.1,0,2278,-2.1,-7.1,2.9,-48.3,0
6,45,910,8.7,-0.4,17.7,78.8,0,2161,-1.9,-7,3.2,-41.2,0
6,46,860,5.9,-2,13.7,50.5,0,2028,-2,-7.2,3.2,-40.2,0
6,47,804,5.7,-2.3,13.7,46,0,1899,-3.3,-8.6,1.9,-63.5,0
6,48,755,8.4,0.1,16.6,63.2,0,1784,-3.2,-8.6,2.2,-57,0
6,49,712,8.8,0.3,17.2,62.5,0,1657,-3.4,-9,2.2,-56.1,0
6,50,660,9.9,1.1,18.6,65.2,0,1555,-3.7,-9.4,2,-57.5,0
6,51,611,5.6,-3.2,14.4,34.2,0,1435,-2.3,-8.2,3.7,-32.6,0
6,52,561,4.2,-4.9,13.3,23.8,0,1335,-0.9,-7.1,5.2,-12.6,0
6,53,515,2.4,-7,11.8,12.3,0,1243,0.2,-6.1,6.5,2.2,0
6,54,468,2.4,-7.3,12.1,11.4,0,1140,0.8,-5.8,7.3,8.6,0
6,55,427,4.7,-5.4,14.8,20,0,1044,1.8,-5,8.7,19.1,0
6,56,400,3.8,-6.5,14.1,15.1,0,962,1.4,-5.6,8.4,13.3,0
6,57,369,1.3,-9.3,11.9,4.8,0,882,1.3,-5.7,8.4,11.7,0
6,58,330,1.8,-9.4,12.9,5.8,0,804,0.3,-7,7.7,2.6,0
6,59,299,3.4,-7.9,14.7,10.1,0,734,-1.2,-8.8,6.5,-8.5,0
6,60,275,3.3,-8.1,14.6,9,0,681,-1.2,-9,6.6,-8.3,0
6,61,252,4,-7.7,15.6,10,0,611,-3.3,-11.2,4.7,-19.9,0
6,62,228,3.9,-8.2,16.1,9,0,553,-3.5,-11.8,4.8,-19.5,0
6,63,199,6.6,-6.2,19.5,13.2,0,490,-3.7,-12.4,5,-18.2,0
6,64,178,8.5,-4.8,21.8,15.1,0,429,-2,-11.2,7.2,-8.7,0
6,65,157,10.5,-3.6,24.7,16.5,0,378,-3.7,-13.1,5.7,-14,0
7,35,1249,4.7,-3.3,12.8,59.1,0,2959,0,-4.8,4.8,0.7,0
7,36,1242,4.8,-3.3,12.8,59.1,0,2946,-0.4,-5.2,4.4,-12.4,0
7,37,1218,4.6,-3.5,12.7,55.7,0,2882,-0.7,-5.5,4.1,-20.3,0
7,38,1176,4.2,-4,12.4,49.8,0,2789,-1.1,-5.9,3.8,-29.6,0
7,39,1116,5.6,-2.8,14,62.6,0,2677,-2.2,-7,2.7,-58.5,0
7,40,1080,6.8,-1.8,15.3,72.9,0,2562,-2.2,-7.1,2.7,-56.7,0
7,41,1027,6.5,-2.2,15.2,66.8,0,2460,-2.1,-7.1,2.9,-52.3,0
7,42,974,7.7,-1.2,16.7,75.2,0,2357,-2.9,-8,2.1,-68.9,0
7,43,938,9.2,0.1,18.3,86.5,0,2229,-1.6,-6.7,3.6,-35.3,0
7,44,876,9.2,-0.1,18.6,80.9,0,2121,-1.7,-7,3.5,-36.8,0
7,45,830,10.2,0.5,19.9,84.6,0,2013,-1.5,-6.9,3.8,-31.1,0
7,46,786,6.7,-1.6,15,52.7,0,1887,-1.2,-6.7,4.3,-22.6,0
7,47,742,6.8,-1.7,15.2,50.1,0,1769,-2.5,-8.1,3,-45,0
7,48,698,9.6,0.9,18.3,67,0,1661,-2.5,-8.1,3.2,-40.9,0
7,49,659,10.1,1.3,19,66.8,0,1549,-2.7,-8.5,3.2,-41.4,0
7,50,613,11.1,1.9,20.2,67.8,0,1458,-3.2,-9.2,2.7,-47.1,0
7,51,571,6.3,-2.9,15.5,36.2,0,1348,-1.8,-7.9,4.4,-23.7,0
7,52,524,5.5,-4,15.1,29.1,0,1250,-0.5,-6.9,6,-5.7,0
7,53,482,4.1,-5.7,13.9,19.7,0,1164,0.6,-6,7.3,7.3,0
7,54,438,4.1,-6.1,14.2,17.8,0,1076,1,-5.9,7.9,10.8,0
7,55,400,6.3,-4.2,16.9,25.4,0,983,1.9,-5.3,9,18.4,0
7,56,375,5.4,-5.3,16.2,20.4,0,906,1.3,-6.1,8.6,11.4,0
7,57,348,2.8,-8.2,13.8,9.8,0,834,0.7,-6.7,8,5.6,0
7,58,312,3.1,-8.5,14.7,9.7,0,764,0.2,-7.5,7.9,1.4,0
7,59,284,3.9,-7.9,15.6,11,0,698,-1.2,-9.1,6.7,-8.2,0
7,60,261,3.4,-8.4,15.2,8.9,0,649,-1.6,-9.7,6.5,-10.2,0
7,61,238,4.1,-8,16.3,9.8,0,584,-4.3,-12.6,4,-25.1,0
7,62,214,4.1,-8.5,16.8,8.8,0,529,-4.6,-13.2,4,-24.3,0
7,63,186,7.4,-6.1,20.9,13.8,0,468,-4.6,-13.6,4.4,-21.6,0
7,64,168,7.5,-6.3,21.4,12.7,0,410,-2.9,-12.4,6.7,-11.8,0
7,65,149,9.2,-5.6,24,13.7,0,363,-4,-13.7,5.6,-14.6,0
8,35,1120,4.1,-4.5,12.7,45.8,0,2637,-0.8,-6,4.3,-22.1,0
8,36,1115,3.9,-4.7,12.6,43.9,0,2626,-1.2,-6.3,4,-30.3,0
8,37,1093,4.1,-4.6,12.8,45,0,2575,-1.2,-6.4,3.9,-31.8,0
8,38,1056,4.4,-4.4,13.2,46.7,0,2496,-1.1,-6.3,4.1,-26.9,0
8,39,1004,6.3,-2.7,15.4,63.5,0,2403,-2.4,-7.6,2.8,-56.6,0
8,40,976,7.1,-2.1,16.2,68.9,0,2309,-2.5,-7.8,2.8,-57.7,0
8,41,928,6.8,-2.5,16.2,63.4,0,2217,-2.3,-7.6,3,-51.3,0
8,42,880,8.6,-1,18.1,75.3,0,2127,-3.2,-8.5,2.2,-67.2,0
8,43,851,10,0.2,19.7,84.9,0,2011,-1.3,-6.8,4.2,-27,0
8,44,798,10.1,0.1,20.2,80.7,0,1921,-1.9,-7.5,3.7,-35.9,0
8,45,756,11,0.6,21.3,82.9,0,1826,-1.2,-7,4.5,-22.8,0
8,46,720,7.6,-1.1,16.4,55,0,1713,-1.1,-6.9,4.8,-18,0
8,47,677,7.6,-1.3,16.5,51.4,0,1613,-2.9,-8.8,3,-46.4,0
8,48,640,10.6,1.4,19.7,67.7,0,1517,-2.6,-8.7,3.4,-40.1,0
8,49,608,10.7,1.3,20.1,65.1,0,1418,-3.1,-9.3,3.1,-44.5,0
8,50,569,11.9,2.3,21.6,67.9,0,1343,-3.4,-9.7,2.9,-45.8,0
8,51,533,7.3,-2.3,17,39,0,1241,-1.7,-8.3,4.8,-21.5,0
8,52,489,6.4,-3.6,16.3,31.1,0,1155,-0.4,-7.2,6.4,-4.8,0
8,53,450,5.1,-5.2,15.3,22.9,0,1077,0.8,-6.2,7.8,8.5,0
8,54,409,4.9,-5.7,15.5,20,0,994,1.1,-6.2,8.4,11.1,0
8,55,378,7,-4,18,26.6,0,908,1.9,-5.7,9.6,17.7,0
8,56,354,6.4,-4.8,17.5,22.5,0,837,0.6,-7.2,8.3,4.7,0
8,57,330,3.9,-7.5,15.3,12.8,0,772,0,-7.8,7.7,-0.3,0
8,58,298,4.2,-7.8,16.1,12.4,0,708,-0.9,-9.1,7.2,-6.7,0
8,59,270,5.1,-7,17.2,13.8,0,648,-2.3,-10.7,6.1,-15,0
8,60,250,4.2,-8,16.3,10.4,0,602,-2.7,-11.3,5.9,-16.3,0
8,61,227,5,-7.5,17.6,11.4,0,544,-5.4,-14.1,3.3,-29.3,0
8,62,206,4.4,-8.6,17.4,9.1,0,496,-5.7,-14.8,3.3,-28.4,0
8,63,179,8.2,-5.6,22.1,14.7,0,436,-5.7,-15.2,3.8,-25.1,0
8,64,161,8.5,-5.8,22.7,13.6,0,379,-4.3,-14.5,5.9,-16.3,0
8,65,143,9.6,-5.6,24.8,13.7,0,335,-6.1,-16.4,4.2,-20.5,0
9,35,998,5.2,-4.1,14.5,52,0,2359,-1.2,-6.7,4.2,-29.5,0
9,36,994,5.3,-4.1,14.6,52.4,0,2350,-1.4,-6.9,4.1,-32.9,0
9,37,976,5.4,-4,14.8,52.9,0,2308,-1.4,-6.9,4,-33.2,0
9,38,946,6.4,-3.1,15.9,60.5,0,2240,-1.2,-6.7,4.4,-26.2,0
9,39,898,8.5,-1.3,18.3,76.5,0,2158,-2.5,-8,3,-53.4,0
9,40,872,9.2,-0.8,19.1,79.8,0,2080,-2.2,-7.8,3.4,-45.3,0
9,41,834,8.4,-1.7,18.5,70.2,0,1998,-2.1,-7.8,3.5,-42.9,0
9,42,791,9.8,-0.6,20.1,77.1,0,1931,-2.6,-8.3,3.1,-50.9,0
9,43,771,10.8,0.3,21.3,83.2,0,1832,-0.9,-6.7,4.9,-16.6,0
9,44,723,10.6,-0.2,21.5,77,0,1754,-1.2,-7.1,4.7,-21.5,0
9,45,689,11.8,0.7,23,81.6,0,1672,-0.8,-6.9,5.2,-13.8,0
9,46,657,8.3,-1,17.7,54.8,0,1572,-0.3,-6.4,5.9,-4.2,0
9,47,618,7.6,-1.9,17.1,47.2,0,1489,-1.8,-8,4.4,-27.2,0
9,48,585,10.5,0.7,20.2,61.3,0,1404,-1.4,-7.8,4.9,-19.9,0
9,49,555,11.1,1.1,21,61.5,0,1315,-1.5,-8,5,-20,0
9,50,524,11.6,1.4,21.8,60.9,0,1242,-1.7,-8.4,5,-21.1,0
9,51,492,6.6,-3.6,16.8,32.5,0,1153,-0.1,-7,6.8,-0.8,0
9,52,451,5.3,-5.2,15.8,23.8,0,1075,1.4,-5.8,8.5,14.6,0
9,53,418,4.9,-5.9,15.7,20.3,0,1002,2.9,-4.5,10.3,29.2,0
9,54,381,4.6,-6.5,15.8,17.6,0,927,3.7,-3.9,11.3,34.3,0
9,55,351,6.6,-5,18.2,23.2,0,843,4.6,-3.4,12.6,38.9,0
9,56,330,5.5,-6.2,17.3,18.2,0,774,3.3,-4.9,11.6,25.9,0
9,57,307,3.1,-8.9,15.1,9.4,0,714,2.2,-6,10.4,15.9,0
9,58,277,4,-8.7,16.6,11,0,656,0.8,-7.7,9.4,5.5,0
9,59,249,4.9,-7.9,17.8,12.3,0,601,-0.7,-9.5,8.1,-4.1,0
9,60,233,3.7,-9.1,16.5,8.6,0,558,-1.5,-10.5,7.5,-8.4,0
9,61,210,4.6,-8.7,17.8,9.6,0,503,-4.9,-14.1,4.4,-24.4,0
9,62,190,4.3,-9.5,18,8.1,0,461,-4.9,-14.4,4.6,-22.5,0
9,63,165,8.2,-6.5,22.8,13.5,0,410,-5.1,-15.1,4.8,-21.1,0
9,64,149,8.1,-7,23.2,12.1,0,358,-2.9,-13.5,7.6,-10.5,0
9,65,133,8.8,-7.2,24.9,11.8,0,318,-4.8,-15.5,5.9,-15.3,0
10,35,881,3.9,-6.2,14.1,34.7,0,2078,-2.2,-8.1,3.7,-45.9,0
10,36,879,4.2,-6,14.4,36.7,0,2072,-2.4,-8.2,3.5,-48.7,0
10,37,863,4.1,-6.2,14.3,35.1,0,2043,-2.5,-8.4,3.4,-51.6,0
10,38,838,4.9,-5.5,15.3,41.2,0,1990,-2.5,-8.4,3.4,-49.5,0
10,39,798,7.4,-3.3,18.1,58.9,0,1925,-3.5,-9.4,2.4,-67.6,0
10,40,777,7.8,-3,18.5,60.3,0,1860,-2.6,-8.6,3.4,-48.9,0
10,41,743,7.1,-3.9,18.1,52.7,0,1793,-3.1,-9.1,3,-55.5,0
10,42,702,8.2,-3.1,19.5,57.6,0,1741,-3.3,-9.4,2.8,-58,0
10,43,685,8.9,-2.6,20.3,60.6,0,1653,-1.6,-7.8,4.7,-26,0
10,44,646,9.2,-2.6,20.9,59.2,0,1583,-2.1,-8.4,4.2,-33.4,0
10,45,616,10.6,-1.5,22.7,65.2,0,1512,-1.7,-8.2,4.7,-25.9,0
10,46,587,6.9,-3.1,16.9,40.5,0,1423,-1.2,-7.8,5.3,-17.7,0
10,47,553,6.8,-3.4,17,37.7,0,1347,-3.2,-9.8,3.5,-42.6,0
10,48,526,9.7,-0.8,20.1,50.8,0,1278,-2.8,-9.6,3.9,-36.3,0
10,49,498,10.8,0.1,21.5,53.8,0,1197,-2.9,-9.9,4.1,-34.7,0
10,50,469,11.4,0.4,22.4,53.5,0,1131,-2.7,-9.8,4.4,-31,0
10,51,441,6.4,-4.6,17.3,28,0,1054,-1.1,-8.4,6.3,-11.2,0
10,52,405,5.2,-6.1,16.5,21,0,986,-0.1,-7.7,7.4,-1.4,0
10,53,377,4.8,-6.8,16.4,18.2,0,917,1.5,-6.4,9.4,13.6,0
10,54,347,4.9,-7,16.8,17,0,852,2.3,-5.9,10.4,19.4,0
10,55,320,6.1,-6.3,18.5,19.6,0,776,3.1,-5.4,11.7,24.3,0
10,56,299,4.9,-7.8,17.5,14.5,0,710,1.8,-7,10.5,12.4,0
10,57,277,2.4,-10.5,15.3,6.7,0,656,0.4,-8.4,9.1,2.4,0
10,58,250,3.7,-9.9,17.2,9.1,0,606,-1,-10.1,8.1,-6.2,0
10,59,222,4.7,-9.2,18.6,10.5,0,554,-2.3,-11.7,7.1,-12.9,0
10,60,208,4.1,-9.7,17.9,8.5,0,518,-2.9,-12.4,6.7,-14.9,0
10,61,185,5.1,-9.3,19.6,9.5,0,465,-6.7,-16.4,3.1,-31,0
10,62,165,4.9,-10.2,19.9,8,0,425,-6.4,-16.5,3.6,-27.4,0
10,63,145,9.5,-6.5,25.4,13.7,0,378,-6.5,-17.1,4,-24.7,0
10,64,131,7.9,-8.6,24.4,10.3,0,331,-4.2,-15.4,7,-13.9,0
10,65,118,10.3,-7.1,27.7,12.1,0,294,-6.2,-17.5,5.1,-18.2,0
11,35,770,9.2,-2,20.4,70.7,0,1804,-4.3,-10.7,2,-78.3,0
11,36,770,9.2,-2,20.4,70.7,0,1798,-4.5,-10.9,1.8,-81.1,0
11,37,758,8.6,-2.6,19.8,65.1,0,1773,-4.6,-10.9,1.8,-80.8,0
11,38,733,9.7,-1.7,21.1,71.2,0,1729,-4.5,-10.9,1.9,-77.1,0
11,39,698,12.5,0.8,24.3,87.3,0,1677,-5,-11.4,1.4,-84.5,0
11,40,680,12.6,0.7,24.5,85.7,0,1628,-4.4,-10.9,2,-72.1,0
11,41,655,11,-1,23,72.2,0,1581,-3.8,-10.4,2.7,-60.8,0
11,42,622,12.6,0.2,24.9,78.1,0,1538,-4.4,-11,2.1,-68.2,0
11,43,610,13.5,1,26,82.1,0,1471,-3.1,-9.8,3.6,-45.5,0
11,44,580,13.4,0.6,26.1,77.5,0,1414,-3.2,-10,3.6,-45.8,0
11,45,556,14.4,1.3,27.5,80.3,0,1355,-2.7,-9.6,4.2,-36.5,0
11,46,533,10.3,-0.4,21,55,0,1276,-2.6,-9.6,4.5,-32.8,0
11,47,502,9.8,-1.1,20.7,49.1,0,1213,-4.3,-11.4,2.8,-52.5,0
11,48,479,12.2,1,23.3,58.3,0,1153,-3.7,-10.9,3.5,-42.6,0
11,49,453,13.6,2.2,25,61.6,0,1084,-3.3,-10.8,4.1,-36.2,0
11,50,429,14.3,2.6,25.9,61.2,0,1026,-3.1,-10.6,4.5,-31.4,0
11,51,404,9.3,-2.4,20.9,37.4,0,962,-1.1,-8.9,6.8,-10.3,0
11,52,369,7.9,-4.1,20,29.3,0,904,-0.4,-8.5,7.7,-3.6,0
11,53,346,6.8,-5.4,19.1,23.7,0,843,1.2,-7.1,9.6,10.2,0
11,54,317,7.5,-5.1,20.1,23.7,0,783,1.7,-7,10.3,13.1,0
11,55,293,8.7,-4.4,21.8,25.4,0,715,2.6,-6.4,11.7,18.7,0
11,56,275,6.3,-7,19.7,17.4,0,654,0.9,-8.4,10.2,6,0
11,57,255,3.8,-9.9,17.4,9.7,0,606,0,-9.2,9.3,0.2,0
11,58,230,6.1,-8.2,20.5,14.1,0,561,-1.7,-11.3,8,-9.4,0
11,59,204,7.5,-7.2,22.3,15.4,0,513,-3.1,-13.1,6.8,-16.1,0
11,60,191,7.5,-7,22.1,14.4,0,481,-3.4,-13.5,6.7,-16.4,0
11,61,171,8.3,-6.8,23.5,14.2,0,430,-7.2,-17.5,3.2,-30.8,0
11,62,152,7.7,-8.2,23.6,11.8,0,391,-6.7,-17.4,4,-26.3,0
11,63,134,11.6,-5.3,28.4,15.5,0,350,-6.9,-18,4.2,-24.2,0
11,64,121,10.6,-6.7,28,12.8,0,308,-4.8,-16.6,7,-14.7,0
11,65,109,12.5,-5.8,30.8,13.6,0,276,-6.8,-18.7,5,-18.9,0
12,35,680,12.9,0.7,25.2,88,0,1564,-4.3,-11.2,2.6,-67.7,0
12,36,680,12.9,0.7,25.2,88,0,1560,-4.4,-11.3,2.5,-68.7,0
12,37,671,11.8,-0.4,24.1,79.4,0,1542,-4.6,-11.5,2.3,-71.6,0
12,38,648,12.9,0.4,25.4,83.5,0,1508,-4.7,-11.6,2.2,-70.6,0
12,39,617,15.5,2.7,28.3,95.6,0,1465,-5.2,-12.1,1.7,-76.4,0
12,40,604,15.3,2.4,28.2,92.3,0,1426,-4.5,-11.5,2.5,-63.8,0
12,41,584,13.8,0.7,26.8,80.3,0,1391,-3.9,-11,3.1,-54.9,0
12,42,557,15,1.5,28.4,83.3,0,1362,-4.2,-11.3,2.9,-57.3,0
12,43,546,15.8,2.3,29.4,86.3,0,1307,-2.9,-10.1,4.3,-37.5,0
12,44,523,14.8,1,28.6,77.5,0,1272,-2.3,-9.6,5,-29.3,0
12,45,503,16.9,2.8,31,84.9,0,1218,-1.8,-9.3,5.6,-22.2,0
12,46,483,12.9,1.5,24.3,62.1,0,1153,-1.6,-9.2,5.9,-18.6,0
12,47,454,12,0.4,23.6,54.3,0,1099,-4.1,-11.7,3.5,-44.7,0
12,48,435,14.3,2.4,26.1,62,0,1044,-3.1,-10.8,4.7,-32.1,0
12,49,412,15.8,3.6,27.9,65,0,984,-3,-10.9,5,-29.4,0
12,50,391,16.4,4,28.8,64,0,934,-3.5,-11.6,4.6,-32.7,0
12,51,369,11.2,-1.1,23.5,41.3,0,875,-1.3,-9.7,7,-11.7,0
12,52,338,10.7,-2,23.5,36.2,0,825,-0.1,-8.7,8.4,-1.2,0
12,53,320,9.2,-3.7,22.1,29.5,0,771,1.6,-7.3,10.5,12.6,0
12,54,293,10.2,-3.1,23.4,29.7,0,716,2.1,-7.1,11.3,15,0
12,55,273,11.7,-2.1,25.4,31.9,0,660,2.6,-7,12.2,17.4,0
12,56,256,8.9,-5.1,22.9,22.9,0,602,1,-8.9,10.9,6.1,0
12,57,237,5.9,-8.4,20.3,14.1,0,558,-0.3,-10.1,9.5,-1.6,0
12,58,214,7.7,-7.4,22.8,16.5,0,517,-2.1,-12.4,8.1,-11.1,0
12,59,188,9.5,-6,25,17.8,0,471,-3.4,-13.9,7.2,-15.9,0
12,60,176,9,-6.3,24.3,15.8,0,441,-3.6,-14.4,7.1,-16.1,0
12,61,158,9.9,-6.1,25.8,15.6,0,392,-7.8,-18.8,3.2,-30.6,0
12,62,140,10,-6.7,26.7,14,0,360,-6.6,-17.9,4.8,-23.7,0
12,63,122,14.5,-3.3,32.3,17.7,0,321,-6.2,-18,5.6,-19.9,0
12,64,111,13.4,-4.9,31.7,14.9,0,281,-3.1,-15.8,9.5,-8.8,0
12,65,100,16.4,-2.8,35.7,16.4,0,254,-5.7,-18.2,6.8,-14.4,0
13,35,597,13.1,-0.3,26.4,78,0,1340,-4.6,-12.1,3,-61.1,0
13,36,597,13.1,-0.3,26.4,78,0,1336,-4.6,-12.2,2.9,-62.1,0
13,37,590,12.1,-1.3,25.4,71.2,0,1323,-4.4,-12,3.2,-58.2,0
13,38,573,13.4,-0.2,26.9,76.7,0,1297,-4.2,-11.7,3.4,-54,0
13,39,547,16.6,2.7,30.6,91,0,1265,-5,-12.6,2.5,-63.4,0
13,40,537,16.4,2.4,30.5,88.3,0,1235,-4.3,-11.9,3.3,-53,0
13,41,520,14.7,0.5,28.9,76.6,0,1210,-4.2,-11.8,3.5,-50.6,0
13,42,500,16.5,1.9,31,82.3,0,1188,-4.2,-11.9,3.5,-50.4,0
13,43,489,17.4,2.7,32.1,85.3,0,1143,-3.6,-11.4,4.3,-40.6,0
13,44,470,16.7,1.8,31.6,78.5,0,1114,-2.9,-10.8,5,-32.3,0
13,45,452,19.2,3.9,34.5,86.8,0,1072,-2.1,-10.1,6,-22.2,0
13,46,435,14.7,2.5,26.8,63.9,0,1024,-1.8,-10,6.3,-18.5,0
13,47,412,13.5,1.2,25.8,55.6,0,977,-4.2,-12.3,4,-40.6,0
13,48,397,16.3,3.8,28.9,64.7,0,936,-4.2,-12.5,4.1,-39.2,0
13,49,378,17.6,4.7,30.4,66.3,0,888,-3.1,-11.6,5.4,-27.8,0
13,50,361,19.1,6,32.1,68.9,0,847,-3.8,-12.4,4.8,-32.3,0
13,51,341,13.7,0.7,26.7,46.7,0,795,-2,-10.9,6.9,-15.8,0
13,52,313,13.7,0.3,27.1,42.9,0,752,-1,-10.2,8.1,-7.6,0
13,53,298,11.9,-1.6,25.5,35.5,0,706,0.7,-8.7,10.2,5.3,0
13,54,274,12.8,-1.1,26.7,35.1,0,659,1.4,-8.4,11.1,8.9,0
13,55,255,14.2,-0.2,28.6,36.2,0,605,2.3,-7.9,12.5,13.9,0
13,56,239,11.9,-2.8,26.6,28.4,0,554,1.2,-9.3,11.7,6.5,0
13,57,220,8.9,-6.2,24,19.6,0,511,-0.4,-10.9,10,-2.2,0
13,58,199,10.1,-5.8,26,20.1,0,478,-1.5,-12.3,9.3,-7.1,0
13,59,174,11.7,-4.7,28.1,20.4,0,435,-2.9,-14.1,8.2,-12.8,0
13,60,164,10,-6.1,26,16.4,0,406,-2.9,-14.3,8.4,-12,0
13,61,146,11.1,-5.7,27.9,16.2,0,363,-7.3,-18.9,4.3,-26.6,0
13,62,131,8.8,-8.8,26.4,11.5,0,332,-6.2,-18.2,5.8,-20.6,0
13,63,115,13.2,-5.5,31.8,15.1,0,297,-6.4,-18.9,6.1,-18.9,0
13,64,104,11.8,-7.4,31.1,12.3,0,260,-3.5,-16.8,9.9,-9.1,0
13,65,93,14.9,-5.5,35.3,13.9,0,234,-5.9,-19.2,7.3,-13.9,0
14,35,510,12.8,-2.1,27.6,65.1,0,1147,-4.7,-13,3.5,-54.2,0
14,36,510,12.8,-2.1,27.6,65.1,0,1144,-4.9,-13.2,3.3,-56.2,0
14,37,504,11.4,-3.5,26.2,57.3,0,1136,-5,-13.3,3.2,-57.3,0
14,38,492,14.1,-1,29.2,69.3,0,1113,-4,-12.3,4.3,-44.4,0
14,39,474,16.8,1.3,32.3,79.5,0,1083,-4.8,-13.1,3.5,-52,0
14,40,468,16.3,0.8,31.8,76.2,0,1055,-4.1,-12.5,4.3,-43.5,0
14,41,456,16.8,1.1,32.6,76.8,0,1035,-4.1,-12.6,4.3,-42.8,0
14,42,438,18.4,2.2,34.5,80.5,0,1018,-4.3,-12.8,4.1,-44.2,0
14,43,429,19,2.7,35.3,81.5,0,984,-3.3,-11.9,5.3,-32.5,0
14,44,412,18.4,1.8,35,75.8,0,962,-2.5,-11.2,6.2,-24.3,0
14,45,398,20.9,3.9,37.9,83.2,0,930,-2,-10.8,6.9,-18.2,0
14,46,384,14.9,1.7,28.2,57.3,0,894,-2.2,-11.1,6.7,-19.4,0
14,47,366,12.8,-0.6,26.2,46.7,0,857,-4.2,-13.2,4.7,-36.1,0
14,48,351,15.9,2.2,29.6,55.9,0,822,-4.6,-13.7,4.4,-38,0
14,49,333,17,3,31,56.5,0,783,-3.8,-13.1,5.4,-30.1,0
14,50,318,17.9,3.6,32.2,57.1,0,749,-3.8,-13.2,5.5,-28.7,0
14,51,300,11,-3.2,25.1,32.9,0,705,-1.8,-11.5,7.9,-12.9,0
14,52,278,11.4,-3.1,26,31.8,0,667,-1.1,-11,8.9,-7.2,0
14,53,266,10.8,-3.9,25.4,28.6,0,627,0.7,-9.6,11,4.5,0
14,54,245,11,-4.1,26,26.9,0,584,1.1,-9.5,11.8,6.5,0
14,55,227,12.6,-3.1,28.2,28.6,0,537,2.6,-8.6,13.7,13.8,0
14,56,212,9.3,-6.7,25.3,19.8,0,496,1.1,-10.3,12.5,5.4,0
14,57,195,6.9,-9.6,23.3,13.4,0,464,-1.7,-12.9,9.5,-7.7,0
14,58,178,7.9,-9.3,25.1,14,0,434,-2.6,-14.2,9,-11.3,0
14,59,154,10,-7.8,27.9,15.4,0,394,-4,-16,8,-15.8,0
14,60,147,7.1,-10.2,24.5,10.5,0,370,-3.7,-15.9,8.5,-13.8,0
14,61,129,8,-10.4,26.3,10.3,0,328,-9,-21.5,3.6,-29.4,0
14,62,116,6.5,-12.7,25.7,7.6,0,300,-8.8,-21.8,4.1,-26.4,0
14,63,103,11.6,-8.6,31.9,12,0,268,-8.2,-21.7,5.3,-22,0
14,64,93,10.8,-10.1,31.7,10,0,235,-5.3,-19.6,9.1,-12.3,0
14,65,83,15,-7.2,37.2,12.5,0,211,-7.3,-21.6,6.9,-15.5,0
15,35,424,13,-3.9,29.9,55.1,0,968,-4.4,-13.6,4.7,-42.9,0
15,36,424,13,-3.9,29.9,55.1,0,965,-4.7,-13.8,4.5,-44.9,0
15,37,419,11.1,-5.8,27.9,46.4,0,959,-4.6,-13.7,4.6,-43.8,0
15,38,409,13.8,-3.4,31,56.4,0,943,-3.6,-12.8,5.6,-33.8,0
15,39,395,17.8,0.1,35.5,70.4,0,920,-4.4,-13.6,4.7,-40.7,0
15,40,389,17.3,-0.5,35,67.1,0,901,-4.2,-13.4,5.1,-37.5,0
15,41,384,17.7,-0.2,35.6,68,0,887,-4,-13.3,5.3,-35.4,0
15,42,373,19.2,1,37.4,71.6,0,874,-3.9,-13.2,5.4,-34,0
15,43,368,18.6,0.4,36.9,68.6,0,846,-3,-12.4,6.5,-25,0
15,44,356,18.1,-0.4,36.6,64.4,0,829,-2.2,-11.8,7.3,-18.5,0
15,45,344,21.2,2.2,40.2,73,0,805,-1.4,-11.1,8.3,-11.1,0
15,46,335,14.4,-0.1,28.8,48.2,0,778,-2,-11.7,7.8,-15.2,0
15,47,322,11.9,-2.6,26.5,38.4,0,750,-3.5,-13.3,6.3,-26.2,0
15,48,310,14.4,-0.4,29.2,44.6,0,723,-4.2,-14.1,5.7,-30.3,0
15,49,296,16.7,1.5,31.9,49.5,0,688,-3.4,-13.5,6.7,-23.6,0
15,50,283,17.9,2.4,33.4,50.7,0,660,-3.5,-13.7,6.8,-22.8,0
15,51,268,9.8,-5.5,25.1,26.2,0,626,-1.4,-12,9.1,-9,0
15,52,250,8.4,-7.2,24.1,21.1,0,592,-0.4,-11.2,10.5,-2.2,0
15,53,239,8.1,-7.6,23.9,19.4,0,563,0.6,-10.5,11.7,3.4,0
15,54,220,9.4,-6.9,25.6,20.6,0,524,1.6,-9.9,13.2,8.6,0
15,55,205,11.4,-5.4,28.2,23.4,0,487,3.1,-8.9,15.1,15.3,0
15,56,191,7.1,-10.1,24.3,13.6,0,449,1.4,-10.9,13.6,6.2,0
15,57,179,3.7,-13.7,21.1,6.6,0,419,-1.6,-13.6,10.5,-6.6,0
15,58,163,5.2,-13.1,23.5,8.5,0,392,-2.8,-15.3,9.7,-10.9,0
15,59,139,7.1,-12.1,26.3,9.9,0,355,-4.6,-17.5,8.4,-16.2,0
15,60,135,4.5,-13.9,22.9,6.1,0,333,-4.3,-17.4,8.9,-14.2,0
15,61,118,5.8,-13.7,25.3,6.8,0,296,-9,-22.5,4.5,-26.6,0
15,62,107,3.9,-16.4,24.2,4.2,0,269,-8.4,-22.4,5.6,-22.7,0
15,63,95,7.9,-13.6,29.5,7.5,0,239,-7.6,-22.3,7,-18.2,0
15,64,86,7.6,-14.6,29.7,6.5,0,212,-5.1,-20.6,10.4,-10.8,0
15,65,80,13.2,-9.7,36.1,10.6,0,190,-7.4,-22.7,8,-14,0
16,35,363,15.6,-3.4,34.5,56.5,0,823,-3.6,-13.7,6.5,-29.8,0
16,36,363,15.6,-3.4,34.5,56.5,0,820,-3.9,-13.9,6.2,-31.8,0
16,37,359,14.3,-4.7,33.2,51.2,0,815,-3.9,-13.9,6.2,-31.6,0
16,38,350,17.2,-2.2,36.6,60.2,0,803,-3.2,-13.3,6.9,-25.6,0
16,39,340,20.6,0.8,40.5,70.2,0,787,-4,-14,6.1,-31.3,0
16,40,334,20,0.1,40,66.9,0,773,-2.8,-12.9,7.4,-21.4,0
16,41,330,20.2,0.2,40.3,66.8,0,759,-2.6,-12.8,7.7,-19.4,0
16,42,322,22.1,1.7,42.5,71.1,0,749,-2.3,-12.6,8,-17.2,0
16,43,317,21.5,0.9,42,68,0,728,-1.1,-11.5,9.3,-8.2,0
16,44,307,21.2,0.4,42,65.2,0,719,-0.9,-11.3,9.6,-6.3,0
16,45,298,23.8,2.5,45,70.8,0,702,0.5,-10.1,11.2,3.8,0
16,46,291,16.2,0.4,32,47.1,0,682,-0.6,-11.2,10,-4.1,0
16,47,281,13.3,-2.5,29.1,37.4,0,661,-2,-12.6,8.7,-13.1,0
16,48,271,17.5,1.3,33.7,47.4,0,639,-2.5,-13.2,8.2,-15.9,0
16,49,259,20.6,4,37.2,53.4,0,612,-1.4,-12.4,9.5,-8.7,0
16,50,249,20.7,3.9,37.6,51.6,0,587,-1.8,-12.9,9.2,-10.8,0
16,51,235,12.3,-4.4,28.9,28.8,0,558,-0.4,-11.8,11,-2.1,0
16,52,217,10.9,-6.2,28.1,23.7,0,530,0.8,-10.9,12.5,4,0
16,53,207,11.4,-6,28.7,23.6,0,506,1.4,-10.6,13.4,7.2,0
16,54,190,13.3,-4.6,31.1,25.2,0,476,2.8,-9.6,15.1,13.2,0
16,55,179,15.7,-2.6,34.1,28.2,0,443,4,-8.8,16.8,17.7,0
16,56,166,11.9,-7,30.7,19.7,0,409,2.3,-10.8,15.4,9.3,0
16,57,156,8.4,-10.8,27.5,13,0,384,-1.6,-14.4,11.2,-6.2,0
16,58,143,11.5,-8.6,31.5,16.4,0,360,-2.5,-15.8,10.8,-9.1,0
16,59,125,9.4,-11.3,30.1,11.8,0,327,-4.3,-18,9.5,-14,0
16,60,121,6.6,-13.2,26.4,7.9,0,308,-3.4,-17.4,10.5,-10.6,0
16,61,106,8.3,-12.7,29.3,8.8,0,275,-8.3,-22.5,5.9,-22.8,0
16,62,96,7.5,-14.4,29.4,7.2,0,248,-7.6,-22.5,7.2,-18.9,0
16,63,85,11.3,-12,34.5,9.6,0,220,-6.6,-22.1,8.9,-14.5,0
16,64,78,8.4,-15.4,32.2,6.5,0,197,-4.6,-21,11.8,-9.1,0
16,65,72,14.7,-10,39.5,10.6,0,177,-8.1,-24.3,8.1,-14.3,0
17,35,306,16.4,-4.9,37.7,50.2,0,674,0,-11.4,11.5,0.2,0
17,36,306,16.4,-4.9,37.7,50.2,0,673,-0.6,-12,10.9,-3.8,0
17,37,304,17.2,-4.3,38.6,52.2,0,672,-0.4,-11.9,11,-2.8,0
17,38,296,20.3,-1.6,42.2,60.2,0,663,0,-11.4,11.5,0.2,0
17,39,291,22.4,0.2,44.6,65.2,0,649,-1.1,-12.5,10.2,-7.4,0
17,40,286,21.3,-1,43.6,60.9,0,637,0.7,-10.8,12.3,4.6,0
17,41,283,21.1,-1.3,43.5,59.8,0,625,1.4,-10.3,13,8.5,0
17,42,278,23.3,0.5,46,64.8,0,621,1.4,-10.3,13,8.5,0
17,43,274,22.2,-0.7,45,60.7,0,603,2.4,-9.4,14.2,14.6,0
17,44,266,22.3,-0.8,45.5,59.4,0,596,3,-8.9,14.9,17.9,0
17,45,259,24.3,0.7,47.9,63,0,582,4.9,-7.2,17,28.4,0
17,46,254,16.4,-0.7,33.4,41.6,0,567,2.7,-9.3,14.8,15.5,0
17,47,247,13,-4.1,30,32,0,550,0.5,-11.6,12.5,2.5,0
17,48,238,17.2,-0.2,34.7,41,0,534,-0.1,-12.2,12.1,-0.3,0
17,49,231,19.5,1.7,37.3,45,0,512,0.4,-12,12.7,2,0
17,50,223,19.8,1.7,37.8,44.1,0,494,1,-11.6,13.5,4.7,0
17,51,211,11.8,-6,29.5,24.8,0,475,2.5,-10.3,15.3,11.9,0
17,52,198,11.4,-6.8,29.6,22.6,0,449,3.6,-9.6,16.7,15.9,0
17,53,188,11.9,-6.5,30.3,22.4,0,429,4.7,-8.8,18.2,20.2,0
17,54,172,13.4,-5.5,32.4,23.1,0,404,5.3,-8.6,19.2,21.2,0
17,55,163,16.3,-3.2,35.7,26.5,0,379,5.3,-9,19.7,20.2,0
17,56,154,13.8,-6,33.5,21.2,0,352,4.8,-9.8,19.4,16.8,0
17,57,144,10.1,-10,30.2,14.5,0,332,1.7,-12.5,16,5.8,0
17,58,131,13.6,-7.5,34.8,17.9,0,310,1,-13.8,15.8,3.2,0
17,59,116,10.7,-10.9,32.4,12.5,0,282,-1.6,-16.9,13.8,-4.5,0
17,60,113,8.7,-11.9,29.3,9.8,0,263,-0.4,-16,15.2,-1.1,0
17,61,99,9.8,-12,31.6,9.7,0,235,-5.1,-21,10.9,-11.9,0
17,62,91,11.3,-11.3,33.8,10.2,0,211,-5.2,-21.9,11.5,-11,0
17,63,80,15.8,-8.2,39.8,12.6,0,188,-4,-21.3,13.4,-7.4,0
17,64,73,13.2,-11.5,37.8,9.6,0,166,-1.8,-20.4,16.7,-3,0
17,65,68,21.5,-3.8,46.8,14.6,0,149,-6.3,-24.4,11.9,-9.3,0
18,35,246,21.5,-3.7,46.8,52.9,0,562,0.4,-12.3,13.1,2.2,0
18,36,246,21.5,-3.7,46.8,52.9,0,562,0.4,-12.3,13.1,2.2,0
18,37,245,22,-3.3,47.4,53.9,0,561,0.6,-12.2,13.3,3.2,0
18,38,239,25.1,-0.8,50.9,59.9,0,553,0.9,-11.8,13.7,5.2,0
18,39,236,26.7,0.5,52.8,62.9,0,546,-0.9,-13.5,11.6,-5.1,0
18,40,234,25.6,-0.5,51.7,59.9,0,536,0.9,-11.8,13.7,4.9,0
18,41,232,26.7,0.4,53,61.9,0,529,2.3,-10.6,15.1,11.9,0
18,42,229,28.3,1.7,54.9,64.9,0,527,2.6,-10.3,15.5,13.9,0
18,43,226,28.1,1.3,54.9,63.5,0,513,3.1,-9.9,16.2,16,0
18,44,219,27.9,0.8,55.1,61.1,0,508,4.1,-9,17.3,21,0
18,45,213,31.5,3.7,59.3,67.1,0,498,6.2,-7.1,19.6,31,0
18,46,209,21.4,2,40.8,44.7,0,488,5.3,-8.1,18.7,25.9,0
18,47,204,17.8,-1.6,37.2,36.4,0,472,3.2,-10.2,16.7,15.2,0
18,48,197,22,2.2,41.9,43.4,0,458,2.3,-11.3,15.8,10.4,0
18,49,193,24.6,4.4,44.7,47.4,0,442,2.2,-11.5,15.9,9.7,0
18,50,186,24.4,4,44.9,45.4,0,425,2.7,-11.2,16.6,11.5,0
18,51,175,16,-4.2,36.2,27.9,0,408,4.8,-9.5,19.1,19.5,0
18,52,163,15.2,-5.6,35.9,24.7,0,390,6.1,-8.5,20.7,23.8,0
18,53,154,15.3,-5.7,36.4,23.6,0,371,7.3,-7.7,22.3,27,0
18,54,141,16.9,-4.8,38.6,23.8,0,348,7.5,-8,23,26.1,0
18,55,134,20.7,-1.5,42.9,27.7,0,328,6.9,-9.1,22.9,22.6,0
18,56,125,18,-4.8,40.7,22.4,0,307,5.9,-10.2,22.1,18.3,0
18,57,118,16.9,-6.1,39.9,19.9,0,291,1.9,-13.8,17.6,5.6,0
18,58,109,19.8,-4.3,43.9,21.6,0,271,1.2,-15.1,17.6,3.3,0
18,59,98,12.4,-12,36.8,12.2,0,247,-1.5,-18.4,15.4,-3.7,0
18,60,96,8.9,-14.1,31.9,8.5,0,229,-0.6,-17.9,16.7,-1.4,0
18,61,85,8.9,-15.4,33.1,7.5,0,204,-5.3,-22.9,12.4,-10.8,0
18,62,78,11.9,-13.2,36.9,9.2,0,182,-5.3,-23.9,13.2,-9.7,0
18,63,70,15.3,-11.2,41.8,10.7,0,164,-5.5,-24.7,13.7,-9.1,0
18,64,63,12.2,-15.3,39.6,7.7,0,145,-2.5,-22.9,18,-3.6,0
18,65,59,19.8,-8.5,48.1,11.7,0,131,-6.8,-26.7,13.2,-8.9,0
19,35,204,24.3,-4.9,53.6,49.6,0,476,4.2,-10,18.4,20,0
19,36,204,24.3,-4.9,53.6,49.6,0,476,4.2,-10,18.4,20,0
19,37,204,24.3,-4.9,53.6,49.6,0,475,4.4,-9.8,18.6,21,0
19,38,199,27.4,-2.4,57.3,54.6,0,470,4.2,-9.9,18.4,20,0
19,39,196,29.4,-0.8,59.6,57.6,0,464,1.9,-12,15.8,8.7,0
19,40,194,28.1,-2.2,58.4,54.6,0,457,3.4,-10.6,17.5,15.7,0
19,41,192,29.5,-1.1,60,56.6,0,452,4.6,-9.6,18.8,20.7,0
19,42,190,30.8,0,61.7,58.6,0,450,5,-9.2,19.3,22.7,0
19,43,188,29.9,-1.1,60.8,56.2,0,442,6,-8.4,20.4,26.6,0
19,44,181,29.7,-1.8,61.3,53.8,0,438,7,-7.5,21.4,30.6,0
19,45,176,33.4,1.1,65.7,58.8,0,433,8.2,-6.4,22.8,35.6,0
19,46,174,21.7,0.2,43.2,37.8,0,424,7.8,-6.9,22.5,33,0
19,47,172,21.1,-0.4,42.7,36.3,0,411,5.5,-9.2,20.2,22.6,0
19,48,167,24.7,2.8,46.7,41.3,0,400,5.8,-9.1,20.7,23,0
19,49,165,26.3,4.1,48.4,43.3,0,390,4.2,-10.8,19.2,16.4,0
19,50,162,28.6,6.2,51,46.3,0,374,4.6,-10.7,19.8,17.2,0
19,51,152,20.2,-1.9,42.3,30.7,0,361,6.7,-8.9,22.3,24.1,0
19,52,145,17.5,-5,39.9,25.3,0,346,8.2,-7.8,24.1,28.3,0
19,53,137,16.9,-5.8,39.6,23.2,0,328,9.3,-7.1,25.7,30.5,0
19,54,126,19.1,-4.2,42.4,24.1,0,307,9,-8,26,27.6,0
19,55,119,23.5,-0.5,47.5,27.9,0,290,9,-8.5,26.5,26.1,0
19,56,112,20.8,-3.7,45.2,23.2,0,275,7.6,-10,25.2,20.9,0
19,57,107,17.5,-7.1,42.1,18.7,0,260,2.8,-14.2,19.7,7.2,0
19,58,101,19.6,-5.8,45,19.8,0,244,1.4,-16.2,19,3.4,0
19,59,90,11.5,-14.3,37.4,10.4,0,224,-0.2,-18.4,17.9,-0.5,0
19,60,89,6.4,-17.7,30.5,5.7,0,209,0.5,-18,19,1.1,0
19,61,81,7.7,-17.5,32.8,6.2,0,185,-5,-23.9,13.9,-9.3,0
19,62,74,10.7,-15.4,36.8,7.9,0,165,-4.9,-24.8,15.1,-8,0
19,63,66,14.2,-13.5,41.9,9.4,0,150,-4.1,-24.6,16.4,-6.2,0
19,64,59,10.8,-18,39.6,6.4,0,131,-0.5,-22.5,21.5,-0.7,0
19,65,55,18.8,-11,48.7,10.4,0,118,-5.9,-27.3,15.5,-7,0
20,35,171,24.3,-9.2,57.8,41.6,0,397,4.9,-11,20.9,19.6,0
20,36,171,24.3,-9.2,57.8,41.6,0,397,4.9,-11,20.9,19.6,0
20,37,171,24.3,-9.2,57.8,41.6,0,397,4.9,-11,20.9,19.6,0
20,38,168,26.5,-7.5,60.6,44.6,0,393,4.5,-11.4,20.4,17.5,0
20,39,167,27.3,-6.9,61.5,45.6,0,387,1.6,-13.9,17.2,6.3,0
20,40,165,25.8,-8.5,60.1,42.5,0,382,3,-12.8,18.7,11.3,0
20,41,164,26.5,-7.9,61,43.5,0,379,3.8,-12.1,19.6,14.3,0
20,42,162,28.1,-6.7,62.9,45.5,0,377,4.3,-11.6,20.2,16.3,0
20,43,160,27,-8.1,62,43.1,0,372,5.7,-10.3,21.8,21.3,0
20,44,155,25,-10.5,60.5,38.7,0,368,6.9,-9.3,23.1,25.3,0
20,45,150,29.2,-7.3,65.7,43.7,0,363,8.3,-8,24.7,30.3,0
20,46,148,15.4,-7.6,38.4,22.7,0,357,8.9,-7.5,25.4,31.9,0
20,47,147,16.2,-6.9,39.2,23.7,0,348,5,-11.4,21.5,17.5,0
20,48,143,19.4,-4.1,42.9,27.7,0,341,5.1,-11.5,21.6,17.3,0
20,49,142,20.2,-3.4,43.9,28.7,0,333,4.5,-12.2,21.2,15,0
20,50,139,22.8,-1.1,46.8,31.7,0,318,5.6,-11.4,22.7,18,0
20,51,133,20.6,-3.6,44.7,27.3,0,306,8.8,-8.7,26.3,26.9,0
20,52,127,18.8,-5.8,43.3,23.8,0,297,9.5,-8.3,27.2,28.1,0
20,53,122,19.9,-4.7,44.6,24.3,0,282,10.7,-7.6,29,30.2,0
20,54,115,18.4,-6.5,43.4,21.2,0,264,11.3,-7.7,30.3,29.8,0
20,55,108,23.2,-2.6,49,25.1,0,248,12.1,-7.6,31.8,30,0
20,56,102,19,-7.2,45.2,19.4,0,234,10.2,-9.6,29.9,23.8,0
20,57,97,15.3,-11.1,41.8,14.9,0,222,4.3,-14.6,23.3,9.6,0
20,58,91,17.5,-10,44.9,15.9,0,210,4.1,-15.5,23.7,8.6,0
20,59,82,11.3,-16.5,39,9.3,0,194,2.8,-17.3,23,5.5,0
20,60,81,5.7,-20.1,31.5,4.6,0,181,5.5,-15,26,9.9,0
20,61,73,7,-20.1,34.1,5.1,0,161,1.6,-19.4,22.5,2.5,0
20,62,67,8.7,-19.4,36.7,5.8,0,145,1.4,-20.5,23.3,2,0
20,63,60,10.5,-19.4,40.3,6.3,0,131,2.2,-20.3,24.8,2.9,0
20,64,53,6.1,-25.1,37.4,3.3,0,118,2,-21.7,25.7,2.4,0
20,65,49,14.8,-17.8,47.4,7.2,0,106,-2.6,-25.6,20.3,-2.8,0
21,35,136,27,-13.1,67.1,36.7,0,321,8.7,-9.5,26.9,27.9,0
21,36,136,27,-13.1,67.1,36.7,0,321,8.7,-9.5,26.9,27.9,0
21,37,136,27,-13.1,67.1,36.7,0,321,8.7,-9.5,26.9,27.9,0
21,38,134,28.9,-11.7,69.5,38.7,0,318,7.8,-10.3,25.9,24.8,0
21,39,133,29.8,-11,70.7,39.7,0,314,5.3,-12.4,23.1,16.7,0
21,40,133,29.8,-11,70.7,39.7,0,312,6,-11.9,23.8,18.7,0
21,41,132,30.8,-10.3,72,40.7,0,309,7,-11,25,21.7,0
21,42,130,32.8,-8.8,74.5,42.7,0,307,7.7,-10.4,25.8,23.7,0
21,43,129,30.5,-11.3,72.2,39.3,0,304,8.8,-9.4,27,26.7,0
21,44,126,29.3,-12.9,71.5,36.9,0,304,8.8,-9.4,27,26.7,0
21,45,124,31.4,-11.3,74.2,38.9,0,301,9.9,-8.5,28.2,29.7,0
21,46,122,14.7,-10.8,40.2,17.9,0,297,9.9,-8.6,28.3,29.3,0
21,47,121,15.7,-10,41.3,18.9,0,290,7,-11.4,25.4,20.2,0
21,48,117,19.6,-6.6,45.9,22.9,0,285,7.5,-11.1,26.1,21.4,0
21,49,116,20.6,-5.8,47,23.9,0,281,7.8,-10.9,26.5,21.9,0
21,50,113,23.8,-3,50.7,26.9,0,268,10.5,-8.8,29.8,28.2,0
21,51,108,19.9,-7.1,46.9,21.5,0,260,13.9,-5.8,33.7,36.2,0
21,52,103,16.5,-10.8,43.9,17,0,252,14.4,-5.6,34.5,36.4,0
21,53,99,21.2,-6.8,49.3,21,0,239,15.3,-5.4,35.9,36.5,0
21,54,96,20.5,-7.5,48.5,19.7,0,223,17.9,-3.6,39.5,40,0
21,55,91,23.7,-5.1,52.5,21.6,0,210,19.1,-3.2,41.5,40.2,0
21,56,89,22.3,-6.5,51,19.8,0,199,15.6,-6.8,37.9,30.9,0
21,57,85,16.8,-12.1,45.7,14.3,0,188,8.4,-13,29.8,15.8,0
21,58,81,22.6,-7.2,52.4,18.3,0,178,10,-12.1,32.2,17.8,0
21,59,73,17.9,-12.2,48,13.1,0,164,9.2,-13.6,32.1,15.2,0
21,60,72,11.7,-16.2,39.6,8.4,0,154,12.4,-10.7,35.5,19.1,0
21,61,66,10.5,-18.6,39.5,6.9,0,137,8,-15.5,31.6,11,0
21,62,60,12.7,-17.5,43,7.6,0,125,8.9,-15.5,33.3,11.1,0
21,63,54,13.1,-19,45.3,7.1,0,112,9.8,-15.5,35.1,11,0
21,64,47,8.7,-25.4,42.7,4.1,0,100,9.5,-17.3,36.3,9.5,0
21,65,43,18.8,-16.9,54.5,8.1,0,88,4.9,-21.3,31,4.3,0
22,35,112,35.8,-11.4,83,40.1,0,262,8.3,-12.2,28.8,21.7,0
22,36,112,35.8,-11.4,83,40.1,0,262,8.3,-12.2,28.8,21.7,0
22,37,112,35.8,-11.4,83,40.1,0,262,8.3,-12.2,28.8,21.7,0
22,38,111,37,-10.6,84.6,41.1,0,259,7.2,-13.2,27.6,18.7,0
22,39,110,38.3,-9.7,86.2,42.1,0,257,5.4,-14.7,25.4,13.8,0
22,40,110,38.3,-9.7,86.2,42.1,0,255,6.2,-14,26.4,15.8,0
22,41,110,38.3,-9.7,86.2,42.1,0,254,6.6,-13.6,26.9,16.8,0
22,42,108,40.8,-7.9,89.6,44.1,0,253,7,-13.3,27.4,17.8,0
22,43,108,40.8,-7.9,89.6,44.1,0,251,7.9,-12.5,28.3,19.8,0
22,44,106,38.4,-10.6,87.5,40.7,0,251,7.9,-12.5,28.3,19.8,0
22,45,105,39.8,-9.7,89.2,41.7,0,249,8.8,-11.8,29.3,21.8,0
22,46,104,19,-9.3,47.3,19.7,0,247,7.9,-12.7,28.4,19.4,0
22,47,103,20.1,-8.4,48.6,20.7,0,243,6.1,-14.4,26.6,14.7,0
22,48,101,22.5,-6.4,51.4,22.7,0,240,5.8,-14.8,26.4,13.9,0
22,49,100,23.7,-5.3,52.8,23.7,0,238,6.7,-14.1,27.4,15.9,0
22,50,97,27.6,-2.1,57.2,26.7,0,228,11.4,-10.1,32.8,25.9,0
22,51,93,25.4,-4.5,55.3,23.6,0,223,13.9,-8,35.7,30.9,0
22,52,89,23.7,-6.7,54.1,21.1,0,219,16,-6.2,38.1,34.9,0
22,53,86,28,-3,59.1,24.1,0,208,17.3,-5.5,40.2,36.1,0
22,54,83,27.4,-3.6,58.5,22.8,0,194,20.9,-3,44.7,40.5,0
22,55,79,29.9,-1.9,61.8,23.6,0,185,21.4,-3.2,45.9,39.5,0
22,56,77,28.4,-3.4,60.3,21.9,0,175,18.3,-6.2,42.9,32.1,0
22,57,73,22.5,-9.7,54.6,16.4,0,166,10.6,-12.8,34,17.6,0
22,58,70,27.7,-5.3,60.7,19.4,0,159,11.9,-12.1,36,19,0
22,59,64,19,-14.1,52.1,12.2,0,146,12.2,-12.6,37,17.8,0
22,60,63,11.9,-18.6,42.4,7.5,0,138,14.3,-10.7,39.2,19.7,0
22,61,59,10.8,-20.6,42.2,6.4,0,122,10.7,-14.8,36.2,13.1,0
22,62,53,13.4,-19.6,46.4,7.1,0,113,15.3,-11,41.6,17.3,0
22,63,48,11.6,-23.4,46.6,5.6,0,101,16,-11.2,43.2,16.2,0
22,64,42,8.9,-28.1,45.9,3.7,0,90,15.2,-13.7,44,13.6,0
22,65,40,14.3,-23.7,52.4,5.7,0,78,10.8,-17.5,39.2,8.5,0
23,35,96,41.2,-12.9,95.4,39.6,0,230,11.7,-10.7,34,26.8,0
23,36,96,41.2,-12.9,95.4,39.6,0,230,11.7,-10.7,34,26.8,0
23,37,96,41.2,-12.9,95.4,39.6,0,230,11.7,-10.7,34,26.8,0
23,38,96,41.2,-12.9,95.4,39.6,0,228,12.6,-9.9,35.1,28.8,0
23,39,95,42.7,-12,97.4,40.6,0,226,10.6,-11.5,32.7,23.9,0
23,40,95,42.7,-12,97.4,40.6,0,225,11.1,-11.1,33.3,24.9,0
23,41,95,42.7,-12,97.4,40.6,0,225,11.1,-11.1,33.3,24.9,0
23,42,93,45.8,-9.9,101.5,42.6,0,224,11.6,-10.7,33.8,25.9,0
23,43,93,45.8,-9.9,101.5,42.6,0,223,12.1,-10.3,34.4,26.9,0
23,44,91,43.1,-13.1,99.3,39.2,0,223,12.1,-10.3,34.4,26.9,0
23,45,91,43.1,-13.1,99.3,39.2,0,222,12.6,-9.9,35,27.9,0
23,46,90,19.1,-12,50.3,17.2,0,221,11.1,-11.2,33.5,24.5,0
23,47,89,20.5,-10.9,51.9,18.2,0,217,9.1,-13.2,31.5,19.8,0
23,48,88,21.9,-9.8,53.5,19.2,0,216,7.9,-14.4,30.2,17,0
23,49,87,23.3,-8.7,55.2,20.2,0,214,8.9,-13.6,31.4,19,0
23,50,84,27.7,-5,60.3,23.2,0,205,13.7,-9.6,36.9,28,0
23,51,81,23.6,-9.2,56.4,19.1,0,201,15.9,-7.7,39.5,32,0
23,52,79,22.5,-10.6,55.6,17.8,0,197,18.3,-5.7,42.2,36,0
23,53,76,27.4,-6.6,61.3,20.8,0,186,20,-4.9,44.8,37.2,0
23,54,73,26.6,-7.4,60.7,19.5,0,175,23.8,-2.1,49.6,41.6,0
23,55,69,29.5,-5.6,64.5,20.3,0,166,24.5,-2.2,51.2,40.7,0
23,56,67,27.7,-7.4,62.9,18.6,0,157,22.3,-4.4,49,35,0
23,57,63,20.7,-14.9,56.4,13.1,0,149,13.1,-12.2,38.5,19.6,0
23,58,60,26.8,-10,63.6,16.1,0,144,15,-10.9,41,21.7,0
23,59,55,18.9,-17.8,55.6,10.4,0,132,14.8,-12.1,41.6,19.5,0
23,60,54,10.6,-22.9,44.2,5.7,0,125,16.3,-10.6,43.2,20.4,0
23,61,51,11.9,-22.6,46.3,6,0,111,15,-12.4,42.5,16.7,0
23,62,47,15.1,-20.6,50.8,7.1,0,102,20.5,-7.8,48.9,20.9,0
23,63,43,16.1,-21.7,53.9,6.9,0,90,22,-7.6,51.6,19.8,0
23,64,37,13.8,-26.6,54.2,5.1,0,80,20.4,-11.2,51.9,16.3,0
23,65,35,20.3,-21.4,62,7.1,0,69,14.7,-16.4,45.7,10.1,0
24,35,76,52.8,-13.5,119,40.1,0,191,11.1,-14.3,36.5,21.2,0
24,36,76,52.8,-13.5,119,40.1,0,191,11.1,-14.3,36.5,21.2,0
24,37,76,52.8,-13.5,119,40.1,0,191,11.1,-14.3,36.5,21.2,0
24,38,76,52.8,-13.5,119,40.1,0,190,11.7,-13.9,37.2,22.2,0
24,39,76,52.8,-13.5,119,40.1,0,189,8.6,-16.3,33.6,16.3,0
24,40,76,52.8,-13.5,119,40.1,0,188,9.2,-15.9,34.2,17.3,0
24,41,76,52.8,-13.5,119,40.1,0,188,9.2,-15.9,34.2,17.3,0
24,42,75,54.8,-12.2,121.8,41.1,0,187,9.8,-15.4,34.9,18.3,0
24,43,75,54.8,-12.2,121.8,41.1,0,186,10.4,-14.9,35.6,19.3,0
24,44,73,51.7,-16.2,119.7,37.7,0,186,10.4,-14.9,35.6,19.3,0
24,45,73,51.7,-16.2,119.7,37.7,0,185,11,-14.4,36.3,20.3,0
24,46,72,21.9,-13.2,56.9,15.8,0,184,9.2,-16.1,34.5,16.9,0
24,47,72,21.9,-13.2,56.9,15.8,0,181,8.5,-16.9,33.8,15.3,0
24,48,71,23.6,-11.8,59,16.7,0,181,8.5,-16.9,33.8,15.3,0
24,49,71,23.6,-11.8,59,16.7,0,180,9.1,-16.4,34.6,16.3,0
24,50,70,25.4,-10.4,61.1,17.8,0,173,13.5,-12.8,39.8,23.3,0
24,51,68,23.7,-12.2,59.7,16.1,0,169,16.2,-10.6,43,27.3,0
24,52,67,25.6,-10.8,61.9,17.1,0,167,17.6,-9.5,44.6,29.3,0
24,53,65,29.4,-7.6,66.4,19.1,0,160,20.6,-7.3,48.4,32.9,0
24,54,63,33.5,-4.2,71.3,21.1,0,150,24.2,-4.9,53.4,36.3,0
24,55,60,35,-3.7,73.7,21,0,142,26.4,-3.8,56.6,37.5,0
24,56,58,33.2,-5.8,72.2,19.3,0,134,23,-7.2,53.2,30.9,0
24,57,55,28.2,-11.3,67.7,15.5,0,130,13.2,-15,41.3,17.1,0
24,58,54,30.6,-9.3,70.5,16.5,0,125,15.4,-13.6,44.3,19.2,0
24,59,49,22.1,-18,62.2,10.8,0,116,14.4,-15.3,44.1,16.7,0
24,60,48,12.9,-23.7,49.4,6.2,0,109,16.2,-13.7,46.1,17.6,0
24,61,46,12,-25.3,49.2,5.5,0,96,13.5,-17.2,44.1,12.9,0
24,62,42,15.6,-23.2,54.5,6.6,0,88,18.4,-13.4,50.1,16.2,0
24,63,40,15.3,-24.6,55.2,6.1,0,77,18.2,-15.1,51.6,14,0
24,64,34,12.6,-30.4,55.7,4.3,0,69,15.7,-19.7,51.1,10.9,0
24,65,32,19.7,-24.9,64.3,6.3,0,59,10.1,-24.6,44.9,6,0
25,35,62,60,-20.2,140.2,37.2,0,156,19.2,-10.4,48.8,30,0
25,36,62,60,-20.2,140.2,37.2,0,156,19.2,-10.4,48.8,30,0
25,37,62,60,-20.2,140.2,37.2,0,156,19.2,-10.4,48.8,30,0
25,38,62,60,-20.2,140.2,37.2,0,155,20,-9.8,49.8,31,0
25,39,62,60,-20.2,140.2,37.2,0,154,16.3,-12.7,45.4,25.1,0
25,40,62,60,-20.2,140.2,37.2,0,153,17.1,-12.1,46.3,26.1,0
25,41,62,60,-20.2,140.2,37.2,0,153,17.1,-12.1,46.3,26.1,0
25,42,61,62.7,-18.7,144,38.2,0,152,17.8,-11.5,47.2,27.1,0
25,43,61,62.7,-18.7,144,38.2,0,151,18.6,-10.9,48.1,28.1,0
25,44,59,59.1,-23.9,142.1,34.9,0,151,18.6,-10.9,48.1,28.1,0
25,45,59,59.1,-23.9,142.1,34.9,0,150,19.4,-10.3,49.1,29.1,0
25,46,58,22.2,-19.2,63.7,12.9,0,150,19.4,-10.3,49.1,29.1,0
25,47,58,22.2,-19.2,63.7,12.9,0,148,17.9,-11.8,47.6,26.5,0
25,48,57,24.4,-17.6,66.3,13.9,0,148,17.9,-11.8,47.6,26.5,0
25,49,57,24.4,-17.6,66.3,13.9,0,147,18.7,-11.1,48.6,27.5,0
25,50,57,24.4,-17.6,66.3,13.9,0,144,21.2,-9.1,51.6,30.5,0
25,51,55,22.3,-20.1,64.7,12.2,0,141,23.8,-7.1,54.6,33.5,0
25,52,55,22.3,-20.1,64.7,12.2,0,140,24.7,-6.3,55.7,34.5,0
25,53,53,26.9,-16.6,70.4,14.3,0,136,25.8,-5.8,57.4,35.1,0
25,54,52,29.3,-14.8,73.4,15.3,0,128,31,-2,64.1,39.7,0
25,55,49,30.9,-14.8,76.5,15.1,0,122,31.9,-2.2,65.9,38.9,0
25,56,47,28.5,-17.7,74.6,13.4,0,114,28.3,-6,62.6,32.2,0
25,57,44,21.9,-25.2,69,9.6,0,110,16.8,-15.1,48.7,18.5,0
25,58,43,24.8,-23.1,72.7,10.6,0,106,21.2,-11.6,54.1,22.5,0
25,59,38,13.1,-35.7,61.8,5,0,98,19.4,-14.4,53.2,19,0
25,60,37,0.8,-42.8,44.4,0.3,0,94,18,-15.5,51.4,16.9,0
25,61,35,-1.1,-45.8,43.7,-0.4,0,84,11,-22.9,44.8,9.2,0
25,62,32,-1,-47.7,45.7,-0.3,0,77,14.9,-20.2,49.9,11.5,0
25,63,32,-1,-47.7,45.7,-0.3,0,67,16.1,-20.9,53.1,10.8,0
25,64,27,-2.9,-53.6,47.9,-0.8,1,61,13,-25.8,51.8,7.9,0
25,65,26,0.9,-51.3,53.1,0.2,1,52,8.5,-29.5,46.5,4.4,0
26,35,49,66,-33.5,165.5,32.3,0,127,15.1,-17.7,47.9,19.2,0
26,36,49,66,-33.5,165.5,32.3,0,127,15.1,-17.7,47.9,19.2,0
26,37,49,66,-33.5,165.5,32.3,0,127,15.1,-17.7,47.9,19.2,0
26,38,49,66,-33.5,165.5,32.3,0,126,16,-17,49.1,20.2,0
26,39,49,66,-33.5,165.5,32.3,0,126,16,-17,49.1,20.2,0
26,40,49,66,-33.5,165.5,32.3,0,126,16,-17,49.1,20.2,0
26,41,49,66,-33.5,165.5,32.3,0,126,16,-17,49.1,20.2,0
26,42,48,69.4,-31.9,170.8,33.3,0,125,17,-16.3,50.2,21.2,0
26,43,48,69.4,-31.9,170.8,33.3,0,125,17,-16.3,50.2,21.2,0
26,44,46,65.2,-39.2,169.5,30,0,125,17,-16.3,50.2,21.2,0
26,45,46,65.2,-39.2,169.5,30,0,124,17.9,-15.6,51.4,22.2,0
26,46,45,17.7,-30.7,66.2,8,0,124,17.9,-15.6,51.4,22.2,0
26,47,45,17.7,-30.7,66.2,8,0,122,16.1,-17.4,49.6,19.6,0
26,48,44,20.4,-28.9,69.7,9,0,122,16.1,-17.4,49.6,19.6,0
26,49,44,20.4,-28.9,69.7,9,0,121,17,-16.7,50.8,20.6,0
26,50,44,20.4,-28.9,69.7,9,0,118,20,-14.4,54.5,23.6,0
26,51,43,23.2,-26.9,73.3,10,0,115,23.2,-12,58.3,26.6,0
26,52,43,23.2,-26.9,73.3,10,0,115,23.2,-12,58.3,26.6,0
26,53,41,29.2,-22.7,81.1,12,0,113,25.3,-10.3,61,28.6,0
26,54,40,32.4,-20.4,85.3,13,0,108,28,-8.8,64.8,30.2,0
26,55,38,39.4,-15.3,94.1,15,0,103,30.7,-7.4,68.7,31.6,0
26,56,36,36.7,-19,92.5,13.2,0,97,32.5,-6.2,71.3,31.6,0
26,57,34,35.4,-22.2,93,12,0,94,17.9,-17.8,53.6,16.8,0
26,58,34,35.4,-22.2,93,12,0,92,20.4,-15.9,56.8,18.8,0
26,59,29,21.9,-38.4,82.2,6.3,1,86,23.3,-14.2,60.8,20,0
26,60,28,6.1,-47.5,59.6,1.7,1,82,21.9,-15.3,59,17.9,0
26,61,26,3.9,-51.9,59.7,1,1,73,16.3,-21.4,54.1,11.9,0
26,62,23,4.7,-55,64.4,1.1,1,67,19.6,-19.4,58.7,13.2,0
26,63,23,4.7,-55,64.4,1.1,1,58,19.8,-21.5,61.2,11.5,0
26,64,20,5.3,-58.9,69.5,1.1,1,52,16.6,-27.3,60.6,8.6,0
26,65,19,10.8,-55.9,77.6,2.1,1,44,13.9,-28.9,56.7,6.1,0
27,35,36,95.4,-35.2,225.9,34.3,0,103,18.9,-19.4,57.3,19.5,0
27,36,36,95.4,-35.2,225.9,34.3,0,103,18.9,-19.4,57.3,19.5,0
27,37,36,95.4,-35.2,225.9,34.3,0,103,18.9,-19.4,57.3,19.5,0
27,38,36,95.4,-35.2,225.9,34.3,0,102,20.1,-18.6,58.8,20.5,0
27,39,36,95.4,-35.2,225.9,34.3,0,102,20.1,-18.6,58.8,20.5,0
27,40,36,95.4,-35.2,225.9,34.3,0,102,20.1,-18.6,58.8,20.5,0
27,41,36,95.4,-35.2,225.9,34.3,0,102,20.1,-18.6,58.8,20.5,0
27,42,35,101,-32.9,234.8,35.3,0,101,21.3,-17.7,60.3,21.5,0
27,43,35,101,-32.9,234.8,35.3,0,101,21.3,-17.7,60.3,21.5,0
27,44,35,101,-32.9,234.8,35.3,0,101,21.3,-17.7,60.3,21.5,0
27,45,35,101,-32.9,234.8,35.3,0,100,22.5,-16.8,61.8,22.5,0
27,46,34,39.2,-19.7,98.2,13.3,0,100,22.5,-16.8,61.8,22.5,0
27,47,34,39.2,-19.7,98.2,13.3,0,99,23.7,-15.9,63.4,23.5,0
27,48,34,39.2,-19.7,98.2,13.3,0,99,23.7,-15.9,63.4,23.5,0
27,49,34,39.2,-19.7,98.2,13.3,0,99,23.7,-15.9,63.4,23.5,0
27,50,34,39.2,-19.7,98.2,13.3,0,96,27.6,-13,68.2,26.5,0
27,51,33,43.5,-16.7,103.6,14.3,0,94,30.3,-11,71.6,28.5,0
27,52,33,43.5,-16.7,103.6,14.3,0,94,30.3,-11,71.6,28.5,0
27,53,32,47.9,-13.5,109.4,15.3,0,93,31.7,-10,73.4,29.5,0
27,54,32,47.9,-13.5,109.4,15.3,0,89,37.6,-5.5,80.8,33.5,0
27,55,30,57.8,-6.2,121.8,17.3,0,85,39.8,-4.7,84.4,33.9,0
27,56,29,50.3,-14.2,114.8,14.6,1,81,39.3,-5.7,84.3,31.8,0
27,57,27,49.6,-17.7,116.9,13.4,1,78,21.9,-19.6,63.3,17.1,0
27,58,27,49.6,-17.7,116.9,13.4,1,77,23.5,-18.4,65.4,18.1,0
27,59,23,42,-28.9,113,9.7,1,71,27.2,-16.5,70.9,19.3,0
27,60,22,22.8,-40.1,85.7,5,1,67,25.7,-17.9,69.3,17.2,0
27,61,22,22.8,-40.1,85.7,5,1,61,22.3,-21.3,65.9,13.6,0
27,62,19,26.7,-41.6,95.1,5.1,1,56,24.8,-20.3,69.8,13.9,0
27,63,19,26.7,-41.6,95.1,5.1,1,49,20.8,-26.5,68.2,10.2,0
27,64,16,31.6,-43.5,106.7,5.1,1,43,17.1,-34.2,68.4,7.4,0
27,65,15,40.4,-37.8,118.6,6.1,1,35,13.8,-37.2,64.8,4.8,0
28,35,30,102,-52.4,256.3,30.6,0,89,26.8,-16.2,69.9,23.9,0
28,36,30,102,-52.4,256.3,30.6,0,89,26.8,-16.2,69.9,23.9,0
28,37,30,102,-52.4,256.3,30.6,0,89,26.8,-16.2,69.9,23.9,0
28,38,30,102,-52.4,256.3,30.6,0,88,28.3,-15.2,71.7,24.9,0
28,39,30,102,-52.4,256.3,30.6,0,88,28.3,-15.2,71.7,24.9,0
28,40,30,102,-52.4,256.3,30.6,0,88,28.3,-15.2,71.7,24.9,0
28,41,30,102,-52.4,256.3,30.6,0,88,28.3,-15.2,71.7,24.9,0
28,42,30,102,-52.4,256.3,30.6,0,87,29.7,-14.1,73.6,25.9,0
28,43,30,102,-52.4,256.3,30.6,0,87,29.7,-14.1,73.6,25.9,0
28,44,30,102,-52.4,256.3,30.6,0,87,29.7,-14.1,73.6,25.9,0
28,45,30,102,-52.4,256.3,30.6,0,87,29.7,-14.1,73.6,25.9,0
28,46,29,29.6,-33.5,92.8,8.6,1,87,29.7,-14.1,73.6,25.9,0
28,47,29,29.6,-33.5,92.8,8.6,1,86,31.3,-13,75.5,26.9,0
28,48,29,29.6,-33.5,92.8,8.6,1,86,31.3,-13,75.5,26.9,0
28,49,29,29.6,-33.5,92.8,8.6,1,86,31.3,-13,75.5,26.9,0
28,50,29,29.6,-33.5,92.8,8.6,1,85,32.8,-11.9,77.5,27.9,0
28,51,28,34.2,-30.5,99,9.6,1,85,32.8,-11.9,77.5,27.9,0
28,52,28,34.2,-30.5,99,9.6,1,85,32.8,-11.9,77.5,27.9,0
28,53,27,39.2,-27.2,105.7,10.6,1,84,34.4,-10.7,79.5,28.9,0
28,54,27,39.2,-27.2,105.7,10.6,1,81,39.4,-7.1,85.8,31.9,0
28,55,25,50.4,-19.6,120.3,12.6,1,77,41.9,-6.2,90,32.2,0
28,56,24,41,-29.4,111.4,9.8,1,74,39.5,-8.8,87.7,29.2,0
28,57,23,47.1,-25.3,119.6,10.8,1,72,24.4,-20,68.8,17.6,0
28,58,23,47.1,-25.3,119.6,10.8,1,71,26.1,-18.8,71.1,18.6,0
28,59,20,52.8,-26.1,131.7,10.6,1,67,26.5,-19.5,72.6,17.8,0
28,60,19,31.1,-38.9,101.1,5.9,1,63,24.9,-21.2,71,15.7,0
28,61,19,31.1,-38.9,101.1,5.9,1,57,21.2,-25.1,67.6,12.1,0
28,62,17,29.2,-45.2,103.7,5,1,52,23.8,-24.4,71.9,12.3,0
28,63,17,29.2,-45.2,103.7,5,1,45,19.3,-31.8,70.4,8.7,0
28,64,15,26.3,-53.2,105.9,3.9,1,39,14.9,-41,70.9,5.8,0
28,65,14,35.4,-47.9,118.6,4.9,1,32,7.2,-48,62.4,2.3,0
29,35,24,152.5,-35.8,340.7,36.6,1,72,27.6,-22.4,77.5,19.9,0
29,36,24,152.5,-35.8,340.7,36.6,1,72,27.6,-22.4,77.5,19.9,0
29,37,24,152.5,-35.8,340.7,36.6,1,72,27.6,-22.4,77.5,19.9,0
29,38,24,152.5,-35.8,340.7,36.6,1,71,29.4,-21.2,79.9,20.9,0
29,39,24,152.5,-35.8,340.7,36.6,1,71,29.4,-21.2,79.9,20.9,0
29,40,24,152.5,-35.8,340.7,36.6,1,71,29.4,-21.2,79.9,20.9,0
29,41,24,152.5,-35.8,340.7,36.6,1,71,29.4,-21.2,79.9,20.9,0
29,42,24,152.5,-35.8,340.7,36.6,1,71,29.4,-21.2,79.9,20.9,0
29,43,24,152.5,-35.8,340.7,36.6,1,71,29.4,-21.2,79.9,20.9,0
29,44,24,152.5,-35.8,340.7,36.6,1,71,29.4,-21.2,79.9,20.9,0
29,45,24,152.5,-35.8,340.7,36.6,1,71,29.4,-21.2,79.9,20.9,0
29,46,23,63.4,-10.3,137.2,14.6,1,71,29.4,-21.2,79.9,20.9,0
29,47,23,63.4,-10.3,137.2,14.6,1,71,29.4,-21.2,79.9,20.9,0
29,48,23,63.4,-10.3,137.2,14.6,1,71,29.4,-21.2,79.9,20.9,0
29,49,23,63.4,-10.3,137.2,14.6,1,71,29.4,-21.2,79.9,20.9,0
29,50,23,63.4,-10.3,137.2,14.6,1,70,31.2,-19.9,82.3,21.9,0
29,51,22,70.9,-4.8,146.5,15.6,1,70,31.2,-19.9,82.3,21.9,0
29,52,22,70.9,-4.8,146.5,15.6,1,70,31.2,-19.9,82.3,21.9,0
29,53,22,70.9,-4.8,146.5,15.6,1,69,33.1,-18.6,84.9,22.9,0
29,54,22,70.9,-4.8,146.5,15.6,1,67,37.1,-15.9,90.1,24.9,0
29,55,21,79,1.5,156.5,16.6,1,65,41.3,-13,95.6,26.9,0
29,56,20,69.2,-9.8,148.2,13.8,1,62,38.4,-16.2,93.1,23.8,0
29,57,20,69.2,-9.8,148.2,13.8,1,61,27.2,-23.7,78,16.6,0
29,58,20,69.2,-9.8,148.2,13.8,1,61,27.2,-23.7,78,16.6,0
29,59,17,79.8,-7,166.5,13.6,1,58,25.5,-26.3,77.3,14.8,0
29,60,16,55.7,-21.8,133.2,8.9,1,54,23.5,-28.6,75.6,12.7,0
29,61,16,55.7,-21.8,133.2,8.9,1,50,14.2,-37,65.5,7.1,0
29,62,15,46.5,-34.1,127,7,1,46,13.8,-39,66.7,6.4,0
29,63,15,46.5,-34.1,127,7,1,40,11.2,-44.8,67.2,4.5,0
29,64,13,45.8,-41.4,133,5.9,1,34,4.8,-57.5,67.1,1.6,0
29,65,13,45.8,-41.4,133,5.9,1,27,-7,-69.2,55.1,-1.9,1
30,35,22,160.5,-43.8,364.8,35.3,1,60,21.9,-33.2,76.9,13.1,0
30,36,22,160.5,-43.8,364.8,35.3,1,60,21.9,-33.2,76.9,13.1,0
30,37,22,160.5,-43.8,364.8,35.3,1,60,21.9,-33.2,76.9,13.1,0
30,38,22,160.5,-43.8,364.8,35.3,1,60,21.9,-33.2,76.9,13.1,0
30,39,22,160.5,-43.8,364.8,35.3,1,60,21.9,-33.2,76.9,13.1,0
30,40,22,160.5,-43.8,364.8,35.3,1,60,21.9,-33.2,76.9,13.1,0
30,41,22,160.5,-43.8,364.8,35.3,1,60,21.9,-33.2,76.9,13.1,0
30,42,22,160.5,-43.8,364.8,35.3,1,60,21.9,-33.2,76.9,13.1,0
30,43,22,160.5,-43.8,364.8,35.3,1,60,21.9,-33.2,76.9,13.1,0
30,44,22,160.5,-43.8,364.8,35.3,1,60,21.9,-33.2,76.9,13.1,0
30,45,22,160.5,-43.8,364.8,35.3,1,60,21.9,-33.2,76.9,13.1,0
30,46,21,63.4,-14.4,141.2,13.3,1,60,21.9,-33.2,76.9,13.1,0
30,47,21,63.4,-14.4,141.2,13.3,1,60,21.9,-33.2,76.9,13.1,0
30,48,21,63.4,-14.4,141.2,13.3,1,60,21.9,-33.2,76.9,13.1,0
30,49,21,63.4,-14.4,141.2,13.3,1,60,21.9,-33.2,76.9,13.1,0
30,50,21,63.4,-14.4,141.2,13.3,1,59,23.9,-31.9,79.8,14.1,0
30,51,20,71.5,-8.5,151.6,14.3,1,59,23.9,-31.9,79.8,14.1,0
30,52,20,71.5,-8.5,151.6,14.3,1,59,23.9,-31.9,79.8,14.1,0
30,53,20,71.5,-8.5,151.6,14.3,1,58,26.1,-30.6,82.7,15.1,0
30,54,20,71.5,-8.5,151.6,14.3,1,57,28.3,-29.2,85.8,16.1,0
30,55,19,80.6,-1.7,162.9,15.3,1,55,32.9,-26.3,92.2,18.1,0
30,56,18,69.8,-14.3,153.9,12.6,1,53,38,-23.1,99.1,20.1,0
30,57,18,69.8,-14.3,153.9,12.6,1,52,24.7,-31.7,81.2,12.9,0
30,58,18,69.8,-14.3,153.9,12.6,1,52,24.7,-31.7,81.2,12.9,0
30,59,17,79.8,-7,166.5,13.6,1,50,29.7,-28.5,88,14.9,0
30,60,16,55.7,-21.8,133.2,8.9,1,46,27.8,-31.3,86.9,12.8,0
30,61,16,55.7,-21.8,133.2,8.9,1,43,21.4,-36.4,79.2,9.2,0
30,62,15,46.5,-34.1,127,7,1,39,21.7,-38.6,81.9,8.5,0
30,63,15,46.5,-34.1,127,7,1,34,16.4,-47.3,80.1,5.6,0
30,64,13,45.8,-41.4,133,5.9,1,31,8.1,-59.3,75.4,2.5,0
30,65,13,45.8,-41.4,133,5.9,1,24,-4.3,-72.8,64.2,-1,1
